catalog,role,status,source,snapshot,sha256,rows,required
Fermi 4FGL-DR4,50 MeV--1 TeV LAT sources,loaded,https://heasarc.gsfc.nasa.gov/xamin/vo/cone?table=fermilpsc&RA=0&DEC=0&SR=180&VERB=3,downloaded,e4c6805a2919ff704a748b92ab5bd503d46f8dd96c4701969c102463974d3209,7195,True
Fermi 3FHL,10 GeV--2 TeV hard LAT sources,loaded,https://heasarc.gsfc.nasa.gov/xamin/vo/cone?table=fermi3fhl&RA=0&DEC=0&SR=180&VERB=3,downloaded,ecc5dff57d1f4f24f54f45b2ab0064b17ee5bec2c9b697beb25fc4730ddc0105,1556,True
Fermi 2FHL,50 GeV--2 TeV hard LAT sources,loaded,https://heasarc.gsfc.nasa.gov/xamin/vo/cone?table=fermifhl&RA=0&DEC=0&SR=180&VERB=3,downloaded,da6db3f3ae23f25cf327a43307c9e673740858984e0365efa7c83ccec48c17df,360,True
Fermi 3PC,dedicated gamma-ray pulsars,loaded,https://fermi.gsfc.nasa.gov/ssc/data/access/lat/3rd_PSR_catalog/3PC_HTML/,downloaded,39a64eb9f0ea3a31f1b858ef943d20658613a89bfaaed4caf9ee35bb1d154f74,294,True
HAWC 2HWC,multi-TeV northern-sky sources (2017 catalog),loaded,https://vizier.cds.unistra.fr/viz-bin/asu-tsv?-source=J%2FApJ%2F843%2F40%2F2hwccat&-out.max=unlimited&-out.all,downloaded,16e767a78997e46faec2f6263ffebf9c718686375d51c96f1ab3fb19dd063baf,40,True
HAWC 3HWC,third HAWC VHE source catalog (65-source published Table 1 embedded),loaded,https://arxiv.org/abs/2007.08582,embedded-published-Table-1,982729ca9c23b95db86792d2cb96c58f2c59f6684098963d8d707175391e070b,65,True
HAWC 4HWC,fourth HAWC VHE source catalog (2026; 85-source Table 1 embedded),loaded,https://arxiv.org/abs/2602.00263,embedded-Table-1,98e542c5a708d0f3e86b1908995fd9131550800e0c2bbc43008918e3543ff60b,85,True
H.E.S.S. HGPS,0.2--100 TeV Galactic-plane sources,loaded,https://vizier.cds.unistra.fr/viz-bin/asu-tsv?-source=J%2FA%2BA%2F612%2FA1%2Fsources&-out.max=unlimited&-out.all,downloaded,4942cdbbb7323a0394cfbe82058b46d67378955558d78ac5a15676766fccf676,78,True
H.E.S.S. source catalog,H.E.S.S. VHE gamma-ray sources,loaded,https://heasarc.gsfc.nasa.gov/xamin/vo/cone?table=hesscat&RA=0&DEC=0&SR=180&VERB=3,downloaded,0a6ea5c8c3a4fdcb80875cc3fae08eee87a58009144b684b1970f35651934229,95,True
TeVCat,VHE gamma-ray source compilation,loaded,https://heasarc.gsfc.nasa.gov/xamin/vo/cone?table=tevcat&RA=0&DEC=0&SR=180&VERB=3,downloaded,c5dc204b72122346dbbfa66d8a3b226241b7ab3049914bdc99e5eac8c153be9c,337,True
EGRET 3EG,historical 30 MeV--20 GeV gamma-ray sources,loaded,https://heasarc.gsfc.nasa.gov/xamin/vo/cone?table=egret3&RA=0&DEC=0&SR=180&VERB=3,downloaded,7d35bc9a1fedf391b5096249e6755b8c4ced3ee46395c412346c9ecfe4ea62a9,271,True
AGILE 1AGL,independent AGILE >100 MeV gamma-ray catalog,loaded,https://heasarc.gsfc.nasa.gov/xamin/vo/cone?table=agilecat&RA=0&DEC=0&SR=180&VERB=3,downloaded,d73db4072f16fccdba94c9b1acca19718559b476113a84a6f133bbf0858f7dd1,47,True
AGILE 2AGL,second AGILE 100 MeV--10 GeV source catalog,loaded,https://vizier.cfa.harvard.edu/viz-bin/asu-tsv?-source=J%2FA%2BA%2F627%2FA13%2Ftable10&-out.max=unlimited&-out.all,downloaded,5242a13fbe2f1037ba1417977c0e4d4664d870c51fad10649d97540584eb88f5,175,True
Green SNR (2017),Galactic supernova remnants contemporaneous with archive,loaded,https://heasarc.gsfc.nasa.gov/xamin/vo/cone?table=snrgreen&RA=0&DEC=0&SR=180&VERB=3,downloaded,c20d34f32ac2ea120bdbeeb41d6c17c64469fa18bdaf0a518e6d88ce9202c9aa,295,True
ATNF pulsars,"rotation-powered/high-energy pulsars, including AXP/SGR subsets",loaded,https://heasarc.gsfc.nasa.gov/xamin/vo/cone?table=atnfpulsar&RA=0&DEC=0&SR=180&VERB=3,downloaded,d1a1821507811736511cf243821eae9bcac24ad18d3d142042110057385b0398,4393,True
McGill magnetars,magnetars / soft-gamma repeaters,loaded,https://www.physics.mcgill.ca/~pulsar/magnetar/Tab1.txt,downloaded,f8042b88b8d7cbee8a2ff8bc2bc845d116e811507060c698a19ad5babc4d948f,31,True
HEASARC HMXB,high-mass X-ray binaries,loaded,https://heasarc.gsfc.nasa.gov/xamin/vo/cone?table=hmxbcat&RA=0&DEC=0&SR=180&VERB=3,downloaded,81a9e9e0d3cc1d00081bec10dc1f9b69df7413a4f7abcfcacabe6a868ddd23ac,114,True
HEASARC LMXB,low-mass X-ray binaries,loaded,https://heasarc.gsfc.nasa.gov/xamin/vo/cone?table=lmxbcat&RA=0&DEC=0&SR=180&VERB=3,downloaded,f52bc199941227d9d78805cbf4c0e29db5b4f46985fc64820b8ccbba070c05a1,187,True
Swift-BAT 157m,14--195 keV all-sky hard-X-ray sources through Dec 2017,loaded,https://heasarc.gsfc.nasa.gov/xamin/vo/cone?table=swbat157m&RA=0&DEC=0&SR=180&VERB=3,downloaded,5a1e99f352dbac0a4ee134dceeb107eb8575a3feba5725707dbac69a7b21fa47,1891,True
INTEGRAL IBIS,17--100 keV soft-gamma/hard-X-ray sources,loaded,https://heasarc.gsfc.nasa.gov/xamin/vo/cone?table=ibiscat&RA=0&DEC=0&SR=180&VERB=3,downloaded,71762841d5b3d1bea270b8424084dadeffddba15c829f6bf3421822ce30e35c0,939,True
MAXI 3MAXI,4--10 keV all-sky X-ray sources and variability,loaded,https://heasarc.gsfc.nasa.gov/xamin/vo/cone?table=maxigsc7yr&RA=0&DEC=0&SR=180&VERB=3,downloaded,6410ac15c6cd8c37591142d2ec1dcf0e3613e29c939eef0522ba1eff00d7aff6,907,True
Roma-BZCAT,multi-frequency blazars,loaded,https://heasarc.gsfc.nasa.gov/xamin/vo/cone?table=romabzcat&RA=0&DEC=0&SR=180&VERB=3,downloaded,af8824559c95635c87485d5624d51cabbe32b659d8436a4432aed47f0d46acb8,3561,True
2WHSP,high-synchrotron-peaked blazars / VHE candidates,loaded,https://heasarc.gsfc.nasa.gov/xamin/vo/cone?table=wisehspcat&RA=0&DEC=0&SR=180&VERB=3,downloaded,2c77e67b6e36e973b31a2816f4d2615c7f78d774db0ceec1b71bbc3cabc4a7c7,1691,True
3HSP,expanded HSP/EHSP blazar and VHE-candidate catalog,loaded,https://vizier.cds.unistra.fr/viz-bin/asu-tsv?-source=J%2FA%2BA%2F632%2FA77%2F3hsp-v9&-out.max=unlimited&-out.all,downloaded,c6caea5852de1d91cde769c4fab54739be8dde93602060ca31a572955d431a53,2000,True
