particle,kinetic_energy_mev,angle_deg,threshold_mip,threshold_mev,events,successes,response_probability,wilson95_low,wilson95_high,include_steel
e+,0.5,0.0,0.25,0.89463,3000,0,0.0,0.0,0.0012788487253259629,True
e+,1.0,0.0,0.25,0.89463,3000,5,0.0016666666666666668,0.0007121039409388158,0.0038958152886360608,True
e+,3.0,0.0,0.25,0.89463,3000,1172,0.39066666666666666,0.37335814491150005,0.4082548300097712,True
e+,10.0,0.0,0.25,0.89463,3000,2876,0.9586666666666667,0.9509373919913736,0.9652228107779274,True
e+,30.0,0.0,0.25,0.89463,3000,2947,0.9823333333333333,0.9769652566345906,0.9864677472950449,True
e+,100.0,0.0,0.25,0.89463,3000,2986,0.9953333333333333,0.9921816677963083,0.9972180860664687,True
e+,300.0,0.0,0.25,0.89463,3000,2998,0.9993333333333333,0.9975723661607839,0.9998171569121904,True
e+,1000.0,0.0,0.25,0.89463,3000,2999,0.9996666666666667,0.9981141811156959,0.9999411560581286,True
e+,3000.0,0.0,0.25,0.89463,3000,3000,1.0,0.9987211512746742,1.0000000000000002,True
e+,10000.0,0.0,0.25,0.89463,3000,3000,1.0,0.9987211512746742,1.0000000000000002,True
e+,0.5,20.0,0.25,0.89463,3000,0,0.0,0.0,0.0012788487253259629,True
e+,1.0,20.0,0.25,0.89463,3000,2,0.0006666666666666666,0.00018284308780954395,0.0024276338392159843,True
e+,3.0,20.0,0.25,0.89463,3000,1168,0.3893333333333333,0.3720372559693283,0.4069124625485438,True
e+,10.0,20.0,0.25,0.89463,3000,2857,0.9523333333333334,0.9441137030968278,0.9593960317563273,True
e+,30.0,20.0,0.25,0.89463,3000,2966,0.9886666666666667,0.9842050842176286,0.991878387628153,True
e+,100.0,20.0,0.25,0.89463,3000,2985,0.995,0.9917663931103022,0.996967546651625,True
e+,300.0,20.0,0.25,0.89463,3000,2994,0.998,0.9956431969391587,0.9990830697304166,True
e+,1000.0,20.0,0.25,0.89463,3000,2999,0.9996666666666667,0.9981141811156959,0.9999411560581286,True
e+,3000.0,20.0,0.25,0.89463,3000,3000,1.0,0.9987211512746742,1.0000000000000002,True
e+,10000.0,20.0,0.25,0.89463,3000,3000,1.0,0.9987211512746742,1.0000000000000002,True
e+,0.5,40.0,0.25,0.89463,3000,0,0.0,0.0,0.0012788487253259629,True
e+,1.0,40.0,0.25,0.89463,3000,1,0.0003333333333333333,5.8843941871566355e-05,0.0018858188843041794,True
e+,3.0,40.0,0.25,0.89463,3000,828,0.276,0.2602981311123777,0.2922747931165684,True
e+,10.0,40.0,0.25,0.89463,3000,2786,0.9286666666666666,0.9188979617215353,0.9373389719712851,True
e+,30.0,40.0,0.25,0.89463,3000,2953,0.9843333333333333,0.9792300783910395,0.9881978101436948,True
e+,100.0,40.0,0.25,0.89463,3000,2986,0.9953333333333333,0.9921816677963083,0.9972180860664687,True
e+,300.0,40.0,0.25,0.89463,3000,2992,0.9973333333333333,0.9947465032080693,0.9986481352598064,True
e+,1000.0,40.0,0.25,0.89463,3000,2999,0.9996666666666667,0.9981141811156959,0.9999411560581286,True
e+,3000.0,40.0,0.25,0.89463,3000,2999,0.9996666666666667,0.9981141811156959,0.9999411560581286,True
e+,10000.0,40.0,0.25,0.89463,3000,2999,0.9996666666666667,0.9981141811156959,0.9999411560581286,True
e+,0.5,60.0,0.25,0.89463,3000,0,0.0,0.0,0.0012788487253259629,True
e+,1.0,60.0,0.25,0.89463,3000,0,0.0,0.0,0.0012788487253259629,True
e+,3.0,60.0,0.25,0.89463,3000,432,0.144,0.13189170058240915,0.15701883971002292,True
e+,10.0,60.0,0.25,0.89463,3000,2279,0.7596666666666667,0.7440508163759608,0.77461836818602,True
e+,30.0,60.0,0.25,0.89463,3000,2873,0.9576666666666667,0.9498572089611094,0.9643055515056423,True
e+,100.0,60.0,0.25,0.89463,3000,2981,0.9936666666666667,0.9901290295045656,0.9959416538539626,True
e+,300.0,60.0,0.25,0.89463,3000,2995,0.9983333333333333,0.9961041847113639,0.9992878960590612,True
e+,1000.0,60.0,0.25,0.89463,3000,2998,0.9993333333333333,0.9975723661607839,0.9998171569121904,True
e+,3000.0,60.0,0.25,0.89463,3000,2999,0.9996666666666667,0.9981141811156959,0.9999411560581286,True
e+,10000.0,60.0,0.25,0.89463,3000,2999,0.9996666666666667,0.9981141811156959,0.9999411560581286,True
e+,0.5,70.0,0.25,0.89463,3000,0,0.0,0.0,0.0012788487253259629,True
e+,1.0,70.0,0.25,0.89463,3000,1,0.0003333333333333333,5.8843941871566355e-05,0.0018858188843041794,True
e+,3.0,70.0,0.25,0.89463,3000,235,0.07833333333333334,0.06924864678390356,0.08849651564112133,True
e+,10.0,70.0,0.25,0.89463,3000,1699,0.5663333333333334,0.5485258536551478,0.583971152413959,True
e+,30.0,70.0,0.25,0.89463,3000,2692,0.8973333333333333,0.8859590319575867,0.9076913762553542,True
e+,100.0,70.0,0.25,0.89463,3000,2960,0.9866666666666667,0.98189564159083,0.9901929456498528,True
e+,300.0,70.0,0.25,0.89463,3000,2985,0.995,0.9917663931103022,0.996967546651625,True
e+,1000.0,70.0,0.25,0.89463,3000,2996,0.9986666666666667,0.9965765205209367,0.9994813743503383,True
e+,3000.0,70.0,0.25,0.89463,3000,2999,0.9996666666666667,0.9981141811156959,0.9999411560581286,True
e+,10000.0,70.0,0.25,0.89463,3000,3000,1.0,0.9987211512746742,1.0000000000000002,True
e+,0.5,0.0,0.5,1.78926,3000,0,0.0,0.0,0.0012788487253259629,True
e+,1.0,0.0,0.5,1.78926,3000,0,0.0,0.0,0.0012788487253259629,True
e+,3.0,0.0,0.5,1.78926,3000,431,0.14366666666666666,0.13157086864337703,0.1566738575482053,True
e+,10.0,0.0,0.5,1.78926,3000,2838,0.946,0.9373269162535944,0.9535323506834148,True
e+,30.0,0.0,0.5,1.78926,3000,2935,0.9783333333333334,0.972479267023113,0.9829639676963253,True
e+,100.0,0.0,0.5,1.78926,3000,2980,0.9933333333333333,0.9897247083783173,0.995680160879361,True
e+,300.0,0.0,0.5,1.78926,3000,2997,0.999,0.9970638561911638,0.9996598527809608,True
e+,1000.0,0.0,0.5,1.78926,3000,2999,0.9996666666666667,0.9981141811156959,0.9999411560581286,True
e+,3000.0,0.0,0.5,1.78926,3000,3000,1.0,0.9987211512746742,1.0000000000000002,True
e+,10000.0,0.0,0.5,1.78926,3000,3000,1.0,0.9987211512746742,1.0000000000000002,True
e+,0.5,20.0,0.5,1.78926,3000,0,0.0,0.0,0.0012788487253259629,True
e+,1.0,20.0,0.5,1.78926,3000,0,0.0,0.0,0.0012788487253259629,True
e+,3.0,20.0,0.5,1.78926,3000,408,0.136,0.12419820572712538,0.14873279614491194,True
e+,10.0,20.0,0.5,1.78926,3000,2812,0.9373333333333334,0.9280889017177788,0.9454591985971362,True
e+,30.0,20.0,0.5,1.78926,3000,2948,0.9826666666666667,0.9773415968638909,0.9867572211665946,True
e+,100.0,20.0,0.5,1.78926,3000,2976,0.992,0.9881235263289165,0.9946180865253627,True
e+,300.0,20.0,0.5,1.78926,3000,2990,0.9966666666666667,0.9938746440277139,0.9981883662384624,True
e+,1000.0,20.0,0.5,1.78926,3000,2999,0.9996666666666667,0.9981141811156959,0.9999411560581286,True
e+,3000.0,20.0,0.5,1.78926,3000,2997,0.999,0.9970638561911638,0.9996598527809608,True
e+,10000.0,20.0,0.5,1.78926,3000,2999,0.9996666666666667,0.9981141811156959,0.9999411560581286,True
e+,0.5,40.0,0.5,1.78926,3000,0,0.0,0.0,0.0012788487253259629,True
e+,1.0,40.0,0.5,1.78926,3000,0,0.0,0.0,0.0012788487253259629,True
e+,3.0,40.0,0.5,1.78926,3000,238,0.07933333333333334,0.07019163536546923,0.089550969362105,True
e+,10.0,40.0,0.5,1.78926,3000,2726,0.9086666666666666,0.8978286776289708,0.9184594100128627,True
e+,30.0,40.0,0.5,1.78926,3000,2938,0.9793333333333333,0.9735959758700791,0.9838447011519084,True
e+,100.0,40.0,0.5,1.78926,3000,2977,0.9923333333333333,0.9885216135151567,0.9948858134399723,True
e+,300.0,40.0,0.5,1.78926,3000,2991,0.997,0.9943079568813202,0.9984208674857058,True
e+,1000.0,40.0,0.5,1.78926,3000,2998,0.9993333333333333,0.9975723661607839,0.9998171569121904,True
e+,3000.0,40.0,0.5,1.78926,3000,2999,0.9996666666666667,0.9981141811156959,0.9999411560581286,True
e+,10000.0,40.0,0.5,1.78926,3000,2999,0.9996666666666667,0.9981141811156959,0.9999411560581286,True
e+,0.5,60.0,0.5,1.78926,3000,0,0.0,0.0,0.0012788487253259629,True
e+,1.0,60.0,0.5,1.78926,3000,0,0.0,0.0,0.0012788487253259629,True
e+,3.0,60.0,0.5,1.78926,3000,76,0.025333333333333333,0.02028834763664708,0.03159237275326237,True
e+,10.0,60.0,0.5,1.78926,3000,2179,0.7263333333333334,0.7100975816817388,0.7419901927952639,True
e+,30.0,60.0,0.5,1.78926,3000,2846,0.9486666666666667,0.9401804389731785,0.956005340770629,True
e+,100.0,60.0,0.5,1.78926,3000,2971,0.9903333333333333,0.9861515686577085,0.9932609736923217,True
e+,300.0,60.0,0.5,1.78926,3000,2994,0.998,0.9956431969391587,0.9990830697304166,True
e+,1000.0,60.0,0.5,1.78926,3000,2998,0.9993333333333333,0.9975723661607839,0.9998171569121904,True
e+,3000.0,60.0,0.5,1.78926,3000,2999,0.9996666666666667,0.9981141811156959,0.9999411560581286,True
e+,10000.0,60.0,0.5,1.78926,3000,2998,0.9993333333333333,0.9975723661607839,0.9998171569121904,True
e+,0.5,70.0,0.5,1.78926,3000,0,0.0,0.0,0.0012788487253259629,True
e+,1.0,70.0,0.5,1.78926,3000,0,0.0,0.0,0.0012788487253259629,True
e+,3.0,70.0,0.5,1.78926,3000,38,0.012666666666666666,0.00924242683594685,0.01733735772167086,True
e+,10.0,70.0,0.5,1.78926,3000,1607,0.5356666666666666,0.5177860488126815,0.5534560599782452,True
e+,30.0,70.0,0.5,1.78926,3000,2656,0.8853333333333333,0.8734357581311705,0.8962453424511783,True
e+,100.0,70.0,0.5,1.78926,3000,2953,0.9843333333333333,0.9792300783910395,0.9881978101436948,True
e+,300.0,70.0,0.5,1.78926,3000,2980,0.9933333333333333,0.9897247083783173,0.995680160879361,True
e+,1000.0,70.0,0.5,1.78926,3000,2996,0.9986666666666667,0.9965765205209367,0.9994813743503383,True
e+,3000.0,70.0,0.5,1.78926,3000,2999,0.9996666666666667,0.9981141811156959,0.9999411560581286,True
e+,10000.0,70.0,0.5,1.78926,3000,3000,1.0,0.9987211512746742,1.0000000000000002,True
e+,0.5,0.0,1.0,3.57852,3000,0,0.0,0.0,0.0012788487253259629,True
e+,1.0,0.0,1.0,3.57852,3000,0,0.0,0.0,0.0012788487253259629,True
e+,3.0,0.0,1.0,3.57852,3000,0,0.0,0.0,0.0012788487253259629,True
e+,10.0,0.0,1.0,3.57852,3000,2432,0.8106666666666666,0.7962535405356258,0.8242852014563716,True
e+,30.0,0.0,1.0,3.57852,3000,1927,0.6423333333333333,0.6250096244564204,0.6592929966064368,True
e+,100.0,0.0,1.0,3.57852,3000,1853,0.6176666666666667,0.6001372188667455,0.6348951587332279,True
e+,300.0,0.0,1.0,3.57852,3000,1894,0.6313333333333333,0.6139119075156665,0.6484188482191477,True
e+,1000.0,0.0,1.0,3.57852,3000,1859,0.6196666666666667,0.6021521120049913,0.6368751502000807,True
e+,3000.0,0.0,1.0,3.57852,3000,1870,0.6233333333333333,0.6058468940958318,0.6405043232185877,True
e+,10000.0,0.0,1.0,3.57852,3000,1898,0.6326666666666667,0.615256569296597,0.6497374428416165,True
e+,0.5,20.0,1.0,3.57852,3000,0,0.0,0.0,0.0012788487253259629,True
e+,1.0,20.0,1.0,3.57852,3000,0,0.0,0.0,0.0012788487253259629,True
e+,3.0,20.0,1.0,3.57852,3000,0,0.0,0.0,0.0012788487253259629,True
e+,10.0,20.0,1.0,3.57852,3000,2506,0.8353333333333334,0.8216345441309281,0.8481744413239534,True
e+,30.0,20.0,1.0,3.57852,3000,2495,0.8316666666666667,0.8178553880097853,0.8446296423357486,True
e+,100.0,20.0,1.0,3.57852,3000,2434,0.8113333333333334,0.7969382609445893,0.8249321092491079,True
e+,300.0,20.0,1.0,3.57852,3000,2499,0.833,0.8192293586667864,0.8459189280821465,True
e+,1000.0,20.0,1.0,3.57852,3000,2491,0.8303333333333334,0.8164817199358931,0.8433400540062417,True
e+,3000.0,20.0,1.0,3.57852,3000,2491,0.8303333333333334,0.8164817199358931,0.8433400540062417,True
e+,10000.0,20.0,1.0,3.57852,3000,2472,0.824,0.8099608432540542,0.8372104627719346,True
e+,0.5,40.0,1.0,3.57852,3000,0,0.0,0.0,0.0012788487253259629,True
e+,1.0,40.0,1.0,3.57852,3000,0,0.0,0.0,0.0012788487253259629,True
e+,3.0,40.0,1.0,3.57852,3000,0,0.0,0.0,0.0012788487253259629,True
e+,10.0,40.0,1.0,3.57852,3000,2504,0.8346666666666667,0.8209472519030001,0.8475301053501818,True
e+,30.0,40.0,1.0,3.57852,3000,2866,0.9553333333333334,0.9473409336761411,0.962161128084662,True
e+,100.0,40.0,1.0,3.57852,3000,2916,0.972,0.9654659955638838,0.9773267712394085,True
e+,300.0,40.0,1.0,3.57852,3000,2947,0.9823333333333333,0.9769652566345906,0.9864677472950449,True
e+,1000.0,40.0,1.0,3.57852,3000,2957,0.9856666666666667,0.98074985475262,0.9893412901855135,True
e+,3000.0,40.0,1.0,3.57852,3000,2957,0.9856666666666667,0.98074985475262,0.9893412901855135,True
e+,10000.0,40.0,1.0,3.57852,3000,2954,0.9846666666666667,0.979609226580359,0.988484476055225,True
e+,0.5,60.0,1.0,3.57852,3000,0,0.0,0.0,0.0012788487253259629,True
e+,1.0,60.0,1.0,3.57852,3000,0,0.0,0.0,0.0012788487253259629,True
e+,3.0,60.0,1.0,3.57852,3000,0,0.0,0.0,0.0012788487253259629,True
e+,10.0,60.0,1.0,3.57852,3000,1899,0.633,0.6155927568640437,0.6500670693750196,True
e+,30.0,60.0,1.0,3.57852,3000,2778,0.926,0.9160781839571981,0.9348322369288242,True
e+,100.0,60.0,1.0,3.57852,3000,2941,0.9803333333333333,0.9747157214293537,0.984722397895183,True
e+,300.0,60.0,1.0,3.57852,3000,2982,0.994,0.9905352002893365,0.9962012971700415,True
e+,1000.0,60.0,1.0,3.57852,3000,2994,0.998,0.9956431969391587,0.9990830697304166,True
e+,3000.0,60.0,1.0,3.57852,3000,2995,0.9983333333333333,0.9961041847113639,0.9992878960590612,True
e+,10000.0,60.0,1.0,3.57852,3000,2993,0.9976666666666667,0.9951911846593626,0.9988692679093629,True
e+,0.5,70.0,1.0,3.57852,3000,0,0.0,0.0,0.0012788487253259629,True
e+,1.0,70.0,1.0,3.57852,3000,0,0.0,0.0,0.0012788487253259629,True
e+,3.0,70.0,1.0,3.57852,3000,0,0.0,0.0,0.0012788487253259629,True
e+,10.0,70.0,1.0,3.57852,3000,1341,0.447,0.42928788895880854,0.464847669006076,True
e+,30.0,70.0,1.0,3.57852,3000,2554,0.8513333333333334,0.8381537829459947,0.8636142793496763,True
e+,100.0,70.0,1.0,3.57852,3000,2925,0.975,0.9687764150013717,0.9800086787095686,True
e+,300.0,70.0,1.0,3.57852,3000,2974,0.9913333333333333,0.9873312537039419,0.9940787309486377,True
e+,1000.0,70.0,1.0,3.57852,3000,2992,0.9973333333333333,0.9947465032080693,0.9986481352598064,True
e+,3000.0,70.0,1.0,3.57852,3000,2999,0.9996666666666667,0.9981141811156959,0.9999411560581286,True
e+,10000.0,70.0,1.0,3.57852,3000,3000,1.0,0.9987211512746742,1.0000000000000002,True
e+,0.5,0.0,2.0,7.15704,3000,0,0.0,0.0,0.0012788487253259629,True
e+,1.0,0.0,2.0,7.15704,3000,0,0.0,0.0,0.0012788487253259629,True
e+,3.0,0.0,2.0,7.15704,3000,0,0.0,0.0,0.0012788487253259629,True
e+,10.0,0.0,2.0,7.15704,3000,401,0.13366666666666666,0.1219568915096465,0.1463134116564423,True
e+,30.0,0.0,2.0,7.15704,3000,100,0.03333333333333333,0.027483152333113072,0.04037710647719116,True
e+,100.0,0.0,2.0,7.15704,3000,118,0.03933333333333333,0.03294607272180487,0.04689883990379545,True
e+,300.0,0.0,2.0,7.15704,3000,113,0.03766666666666667,0.031423804566223214,0.0450920375551282,True
e+,1000.0,0.0,2.0,7.15704,3000,128,0.042666666666666665,0.03600044409660137,0.05050260953749677,True
e+,3000.0,0.0,2.0,7.15704,3000,147,0.049,0.041835590014624356,0.05731793153561967,True
e+,10000.0,0.0,2.0,7.15704,3000,151,0.050333333333333334,0.04306877699858018,0.05874800095506297,True
e+,0.5,20.0,2.0,7.15704,3000,0,0.0,0.0,0.0012788487253259629,True
e+,1.0,20.0,2.0,7.15704,3000,0,0.0,0.0,0.0012788487253259629,True
e+,3.0,20.0,2.0,7.15704,3000,0,0.0,0.0,0.0012788487253259629,True
e+,10.0,20.0,2.0,7.15704,3000,511,0.17033333333333334,0.1573048527397292,0.18420500151983574,True
e+,30.0,20.0,2.0,7.15704,3000,114,0.038,0.03172798089876353,0.04545367532343766,True
e+,100.0,20.0,2.0,7.15704,3000,119,0.03966666666666667,0.03325093387303913,0.04725979285341098,True
e+,300.0,20.0,2.0,7.15704,3000,149,0.049666666666666665,0.042451991585445485,0.0580331581664981,True
e+,1000.0,20.0,2.0,7.15704,3000,166,0.05533333333333333,0.04770621606483646,0.06409777340155344,True
e+,3000.0,20.0,2.0,7.15704,3000,218,0.07266666666666667,0.0639139441388719,0.0825123785717067,True
e+,10000.0,20.0,2.0,7.15704,3000,198,0.066,0.057658875203565316,0.07545116549001761,True
e+,0.5,40.0,2.0,7.15704,3000,0,0.0,0.0,0.0012788487253259629,True
e+,1.0,40.0,2.0,7.15704,3000,0,0.0,0.0,0.0012788487253259629,True
e+,3.0,40.0,2.0,7.15704,3000,0,0.0,0.0,0.0012788487253259629,True
e+,10.0,40.0,2.0,7.15704,3000,793,0.2643333333333333,0.24886203906166807,0.2804073916375356,True
e+,30.0,40.0,2.0,7.15704,3000,389,0.12966666666666668,0.11811751784795636,0.1421630161079351,True
e+,100.0,40.0,2.0,7.15704,3000,315,0.105,0.09453085799481524,0.11647943249819225,True
e+,300.0,40.0,2.0,7.15704,3000,353,0.11766666666666667,0.10662258639702532,0.12968863992827392,True
e+,1000.0,40.0,2.0,7.15704,3000,369,0.123,0.11172699363076054,0.13523725830813524,True
e+,3000.0,40.0,2.0,7.15704,3000,368,0.12266666666666666,0.11140775443972471,0.13489068339832125,True
e+,10000.0,40.0,2.0,7.15704,3000,411,0.137,0.1251591391623251,0.14976930501226157,True
e+,0.5,60.0,2.0,7.15704,3000,0,0.0,0.0,0.0012788487253259629,True
e+,1.0,60.0,2.0,7.15704,3000,0,0.0,0.0,0.0012788487253259629,True
e+,3.0,60.0,2.0,7.15704,3000,0,0.0,0.0,0.0012788487253259629,True
e+,10.0,60.0,2.0,7.15704,3000,510,0.17,0.15698239002154446,0.1838616501371707,True
e+,30.0,60.0,2.0,7.15704,3000,1670,0.5566666666666666,0.5388287571872031,0.5743596399572598,True
e+,100.0,60.0,2.0,7.15704,3000,2074,0.6913333333333334,0.6745672853097266,0.7076100085780486,True
e+,300.0,60.0,2.0,7.15704,3000,2135,0.7116666666666667,0.6951944499632525,0.7275975040763596,True
e+,1000.0,60.0,2.0,7.15704,3000,2166,0.722,0.7056921758855212,0.7377400152804341,True
e+,3000.0,60.0,2.0,7.15704,3000,2260,0.7533333333333333,0.737590426069564,0.7684282905762707,True
e+,10000.0,60.0,2.0,7.15704,3000,2228,0.7426666666666667,0.7267198119481669,0.7579928534704748,True
e+,0.5,70.0,2.0,7.15704,3000,0,0.0,0.0,0.0012788487253259629,True
e+,1.0,70.0,2.0,7.15704,3000,0,0.0,0.0,0.0012788487253259629,True
e+,3.0,70.0,2.0,7.15704,3000,0,0.0,0.0,0.0012788487253259629,True
e+,10.0,70.0,2.0,7.15704,3000,272,0.09066666666666667,0.08090859196634151,0.10147169219012536,True
e+,30.0,70.0,2.0,7.15704,3000,1979,0.6596666666666666,0.642516928600678,0.6764080257063678,True
e+,100.0,70.0,2.0,7.15704,3000,2781,0.927,0.917135178308827,0.9357726848797449,True
e+,300.0,70.0,2.0,7.15704,3000,2900,0.9666666666666667,0.9596228935228089,0.972516847666887,True
e+,1000.0,70.0,2.0,7.15704,3000,2921,0.9736666666666667,0.9673027531578698,0.9788190841496714,True
e+,3000.0,70.0,2.0,7.15704,3000,2921,0.9736666666666667,0.9673027531578698,0.9788190841496714,True
e+,10000.0,70.0,2.0,7.15704,3000,2920,0.9733333333333334,0.9669349430266634,0.9785210801800281,True
e-,0.5,0.0,0.25,0.89463,3000,0,0.0,0.0,0.0012788487253259629,True
e-,1.0,0.0,0.25,0.89463,3000,0,0.0,0.0,0.0012788487253259629,True
e-,3.0,0.0,0.25,0.89463,3000,1111,0.37033333333333335,0.35322959378422664,0.3877687209852079,True
e-,10.0,0.0,0.25,0.89463,3000,2917,0.9723333333333334,0.9658328965073789,0.9776256843967633,True
e-,30.0,0.0,0.25,0.89463,3000,2977,0.9923333333333333,0.9885216135151567,0.9948858134399723,True
e-,100.0,0.0,0.25,0.89463,3000,2998,0.9993333333333333,0.9975723661607839,0.9998171569121904,True
e-,300.0,0.0,0.25,0.89463,3000,2999,0.9996666666666667,0.9981141811156959,0.9999411560581286,True
e-,1000.0,0.0,0.25,0.89463,3000,3000,1.0,0.9987211512746742,1.0000000000000002,True
e-,3000.0,0.0,0.25,0.89463,3000,3000,1.0,0.9987211512746742,1.0000000000000002,True
e-,10000.0,0.0,0.25,0.89463,3000,3000,1.0,0.9987211512746742,1.0000000000000002,True
e-,0.5,20.0,0.25,0.89463,3000,0,0.0,0.0,0.0012788487253259629,True
e-,1.0,20.0,0.25,0.89463,3000,0,0.0,0.0,0.0012788487253259629,True
e-,3.0,20.0,0.25,0.89463,3000,968,0.32266666666666666,0.30617377472504953,0.33961312362286605,True
e-,10.0,20.0,0.25,0.89463,3000,2915,0.9716666666666667,0.9650993121653202,0.9770276405371223,True
e-,30.0,20.0,0.25,0.89463,3000,2972,0.9906666666666667,0.9865437152737208,0.9935346411771594,True
e-,100.0,20.0,0.25,0.89463,3000,2995,0.9983333333333333,0.9961041847113639,0.9992878960590612,True
e-,300.0,20.0,0.25,0.89463,3000,2998,0.9993333333333333,0.9975723661607839,0.9998171569121904,True
e-,1000.0,20.0,0.25,0.89463,3000,3000,1.0,0.9987211512746742,1.0000000000000002,True
e-,3000.0,20.0,0.25,0.89463,3000,3000,1.0,0.9987211512746742,1.0000000000000002,True
e-,10000.0,20.0,0.25,0.89463,3000,3000,1.0,0.9987211512746742,1.0000000000000002,True
e-,0.5,40.0,0.25,0.89463,3000,0,0.0,0.0,0.0012788487253259629,True
e-,1.0,40.0,0.25,0.89463,3000,0,0.0,0.0,0.0012788487253259629,True
e-,3.0,40.0,0.25,0.89463,3000,698,0.23266666666666666,0.21789453091846409,0.2481225602000102,True
e-,10.0,40.0,0.25,0.89463,3000,2846,0.9486666666666667,0.9401804389731785,0.956005340770629,True
e-,30.0,40.0,0.25,0.89463,3000,2959,0.9863333333333333,0.9815131063863631,0.9899096667534697,True
e-,100.0,40.0,0.25,0.89463,3000,2996,0.9986666666666667,0.9965765205209367,0.9994813743503383,True
e-,300.0,40.0,0.25,0.89463,3000,2999,0.9996666666666667,0.9981141811156959,0.9999411560581286,True
e-,1000.0,40.0,0.25,0.89463,3000,3000,1.0,0.9987211512746742,1.0000000000000002,True
e-,3000.0,40.0,0.25,0.89463,3000,3000,1.0,0.9987211512746742,1.0000000000000002,True
e-,10000.0,40.0,0.25,0.89463,3000,3000,1.0,0.9987211512746742,1.0000000000000002,True
e-,0.5,60.0,0.25,0.89463,3000,0,0.0,0.0,0.0012788487253259629,True
e-,1.0,60.0,0.25,0.89463,3000,0,0.0,0.0,0.0012788487253259629,True
e-,3.0,60.0,0.25,0.89463,3000,381,0.127,0.1155600153108971,0.13939400583819606,True
e-,10.0,60.0,0.25,0.89463,3000,2304,0.768,0.7525583409195513,0.782756196163674,True
e-,30.0,60.0,0.25,0.89463,3000,2915,0.9716666666666667,0.9650993121653202,0.9770276405371223,True
e-,100.0,60.0,0.25,0.89463,3000,2990,0.9966666666666667,0.9938746440277139,0.9981883662384624,True
e-,300.0,60.0,0.25,0.89463,3000,2997,0.999,0.9970638561911638,0.9996598527809608,True
e-,1000.0,60.0,0.25,0.89463,3000,2999,0.9996666666666667,0.9981141811156959,0.9999411560581286,True
e-,3000.0,60.0,0.25,0.89463,3000,2998,0.9993333333333333,0.9975723661607839,0.9998171569121904,True
e-,10000.0,60.0,0.25,0.89463,3000,3000,1.0,0.9987211512746742,1.0000000000000002,True
e-,0.5,70.0,0.25,0.89463,3000,0,0.0,0.0,0.0012788487253259629,True
e-,1.0,70.0,0.25,0.89463,3000,0,0.0,0.0,0.0012788487253259629,True
e-,3.0,70.0,0.25,0.89463,3000,192,0.064,0.055787227577051686,0.07332792851143254,True
e-,10.0,70.0,0.25,0.89463,3000,1745,0.5816666666666667,0.5639215392049617,0.599202915503235,True
e-,30.0,70.0,0.25,0.89463,3000,2759,0.9196666666666666,0.9093950271741332,0.9288649257957432,True
e-,100.0,70.0,0.25,0.89463,3000,2966,0.9886666666666667,0.9842050842176286,0.991878387628153,True
e-,300.0,70.0,0.25,0.89463,3000,2992,0.9973333333333333,0.9947465032080693,0.9986481352598064,True
e-,1000.0,70.0,0.25,0.89463,3000,2998,0.9993333333333333,0.9975723661607839,0.9998171569121904,True
e-,3000.0,70.0,0.25,0.89463,3000,3000,1.0,0.9987211512746742,1.0000000000000002,True
e-,10000.0,70.0,0.25,0.89463,3000,3000,1.0,0.9987211512746742,1.0000000000000002,True
e-,0.5,0.0,0.5,1.78926,3000,0,0.0,0.0,0.0012788487253259629,True
e-,1.0,0.0,0.5,1.78926,3000,0,0.0,0.0,0.0012788487253259629,True
e-,3.0,0.0,0.5,1.78926,3000,278,0.09266666666666666,0.08280508045768813,0.10357008830387741,True
e-,10.0,0.0,0.5,1.78926,3000,2904,0.968,0.9610791715504907,0.9737238260426042,True
e-,30.0,0.0,0.5,1.78926,3000,2974,0.9913333333333333,0.9873312537039419,0.9940787309486377,True
e-,100.0,0.0,0.5,1.78926,3000,2996,0.9986666666666667,0.9965765205209367,0.9994813743503383,True
e-,300.0,0.0,0.5,1.78926,3000,2998,0.9993333333333333,0.9975723661607839,0.9998171569121904,True
e-,1000.0,0.0,0.5,1.78926,3000,2999,0.9996666666666667,0.9981141811156959,0.9999411560581286,True
e-,3000.0,0.0,0.5,1.78926,3000,3000,1.0,0.9987211512746742,1.0000000000000002,True
e-,10000.0,0.0,0.5,1.78926,3000,3000,1.0,0.9987211512746742,1.0000000000000002,True
e-,0.5,20.0,0.5,1.78926,3000,0,0.0,0.0,0.0012788487253259629,True
e-,1.0,20.0,0.5,1.78926,3000,0,0.0,0.0,0.0012788487253259629,True
e-,3.0,20.0,0.5,1.78926,3000,177,0.059,0.051118946111304464,0.06800899846443303,True
e-,10.0,20.0,0.5,1.78926,3000,2898,0.966,0.9588957805166788,0.9719123324713174,True
e-,30.0,20.0,0.5,1.78926,3000,2960,0.9866666666666667,0.98189564159083,0.9901929456498528,True
e-,100.0,20.0,0.5,1.78926,3000,2994,0.998,0.9956431969391587,0.9990830697304166,True
e-,300.0,20.0,0.5,1.78926,3000,2998,0.9993333333333333,0.9975723661607839,0.9998171569121904,True
e-,1000.0,20.0,0.5,1.78926,3000,3000,1.0,0.9987211512746742,1.0000000000000002,True
e-,3000.0,20.0,0.5,1.78926,3000,2999,0.9996666666666667,0.9981141811156959,0.9999411560581286,True
e-,10000.0,20.0,0.5,1.78926,3000,2998,0.9993333333333333,0.9975723661607839,0.9998171569121904,True
e-,0.5,40.0,0.5,1.78926,3000,0,0.0,0.0,0.0012788487253259629,True
e-,1.0,40.0,0.5,1.78926,3000,0,0.0,0.0,0.0012788487253259629,True
e-,3.0,40.0,0.5,1.78926,3000,65,0.021666666666666667,0.017036032303674745,0.027520732976887098,True
e-,10.0,40.0,0.5,1.78926,3000,2814,0.938,0.9287977303482605,0.9460819981683538,True
e-,30.0,40.0,0.5,1.78926,3000,2947,0.9823333333333333,0.9769652566345906,0.9864677472950449,True
e-,100.0,40.0,0.5,1.78926,3000,2996,0.9986666666666667,0.9965765205209367,0.9994813743503383,True
e-,300.0,40.0,0.5,1.78926,3000,2999,0.9996666666666667,0.9981141811156959,0.9999411560581286,True
e-,1000.0,40.0,0.5,1.78926,3000,3000,1.0,0.9987211512746742,1.0000000000000002,True
e-,3000.0,40.0,0.5,1.78926,3000,3000,1.0,0.9987211512746742,1.0000000000000002,True
e-,10000.0,40.0,0.5,1.78926,3000,3000,1.0,0.9987211512746742,1.0000000000000002,True
e-,0.5,60.0,0.5,1.78926,3000,0,0.0,0.0,0.0012788487253259629,True
e-,1.0,60.0,0.5,1.78926,3000,0,0.0,0.0,0.0012788487253259629,True
e-,3.0,60.0,0.5,1.78926,3000,20,0.006666666666666667,0.004319839120639022,0.010275291621682595,True
e-,10.0,60.0,0.5,1.78926,3000,2226,0.742,0.7260408073231724,0.7573402298937698,True
e-,30.0,60.0,0.5,1.78926,3000,2900,0.9666666666666667,0.9596228935228089,0.972516847666887,True
e-,100.0,60.0,0.5,1.78926,3000,2988,0.996,0.9930210628765852,0.9977103191878915,True
e-,300.0,60.0,0.5,1.78926,3000,2996,0.9986666666666667,0.9965765205209367,0.9994813743503383,True
e-,1000.0,60.0,0.5,1.78926,3000,2998,0.9993333333333333,0.9975723661607839,0.9998171569121904,True
e-,3000.0,60.0,0.5,1.78926,3000,2997,0.999,0.9970638561911638,0.9996598527809608,True
e-,10000.0,60.0,0.5,1.78926,3000,3000,1.0,0.9987211512746742,1.0000000000000002,True
e-,0.5,70.0,0.5,1.78926,3000,0,0.0,0.0,0.0012788487253259629,True
e-,1.0,70.0,0.5,1.78926,3000,0,0.0,0.0,0.0012788487253259629,True
e-,3.0,70.0,0.5,1.78926,3000,3,0.001,0.00034014721903916404,0.002936143808836147,True
e-,10.0,70.0,0.5,1.78926,3000,1656,0.552,0.5341498389201789,0.5697171608123874,True
e-,30.0,70.0,0.5,1.78926,3000,2725,0.9083333333333333,0.8974789246442586,0.9181433488967251,True
e-,100.0,70.0,0.5,1.78926,3000,2963,0.9876666666666667,0.9830471566412514,0.9910388729019807,True
e-,300.0,70.0,0.5,1.78926,3000,2991,0.997,0.9943079568813202,0.9984208674857058,True
e-,1000.0,70.0,0.5,1.78926,3000,2998,0.9993333333333333,0.9975723661607839,0.9998171569121904,True
e-,3000.0,70.0,0.5,1.78926,3000,3000,1.0,0.9987211512746742,1.0000000000000002,True
e-,10000.0,70.0,0.5,1.78926,3000,3000,1.0,0.9987211512746742,1.0000000000000002,True
e-,0.5,0.0,1.0,3.57852,3000,0,0.0,0.0,0.0012788487253259629,True
e-,1.0,0.0,1.0,3.57852,3000,0,0.0,0.0,0.0012788487253259629,True
e-,3.0,0.0,1.0,3.57852,3000,0,0.0,0.0,0.0012788487253259629,True
e-,10.0,0.0,1.0,3.57852,3000,2546,0.8486666666666667,0.8353972280150731,0.8610443214737996,True
e-,30.0,0.0,1.0,3.57852,3000,1989,0.663,0.6458865808749804,0.6796965144405634,True
e-,100.0,0.0,1.0,3.57852,3000,1925,0.6416666666666667,0.6243367582688318,0.6586342345923258,True
e-,300.0,0.0,1.0,3.57852,3000,1912,0.6373333333333333,0.6199640032717396,0.6543514062783707,True
e-,1000.0,0.0,1.0,3.57852,3000,1904,0.6346666666666667,0.6172738276875885,0.6517150690557237,True
e-,3000.0,0.0,1.0,3.57852,3000,1905,0.635,0.6176100684853215,0.6520446423588405,True
e-,10000.0,0.0,1.0,3.57852,3000,1908,0.636,0.6186188442373233,0.653033308909388,True
e-,0.5,20.0,1.0,3.57852,3000,0,0.0,0.0,0.0012788487253259629,True
e-,1.0,20.0,1.0,3.57852,3000,0,0.0,0.0,0.0012788487253259629,True
e-,3.0,20.0,1.0,3.57852,3000,0,0.0,0.0,0.0012788487253259629,True
e-,10.0,20.0,1.0,3.57852,3000,2614,0.8713333333333333,0.8588751645526472,0.8828417437940107,True
e-,30.0,20.0,1.0,3.57852,3000,2502,0.834,0.8202600369657372,0.8468856920857449,True
e-,100.0,20.0,1.0,3.57852,3000,2486,0.8286666666666667,0.8147650560405515,0.8417276473973343,True
e-,300.0,20.0,1.0,3.57852,3000,2482,0.8273333333333334,0.8133920585046501,0.8404373885298366,True
e-,1000.0,20.0,1.0,3.57852,3000,2485,0.8283333333333334,0.8144217789865267,0.8414051103505094,True
e-,3000.0,20.0,1.0,3.57852,3000,2499,0.833,0.8192293586667864,0.8459189280821465,True
e-,10000.0,20.0,1.0,3.57852,3000,2473,0.8243333333333334,0.810303883387562,0.8375332367392767,True
e-,0.5,40.0,1.0,3.57852,3000,0,0.0,0.0,0.0012788487253259629,True
e-,1.0,40.0,1.0,3.57852,3000,0,0.0,0.0,0.0012788487253259629,True
e-,3.0,40.0,1.0,3.57852,3000,0,0.0,0.0,0.0012788487253259629,True
e-,10.0,40.0,1.0,3.57852,3000,2647,0.8823333333333333,0.870311360071726,0.8933774136029746,True
e-,30.0,40.0,1.0,3.57852,3000,2894,0.9646666666666667,0.9574435116421962,0.9707013449424009,True
e-,100.0,40.0,1.0,3.57852,3000,2950,0.9833333333333333,0.9780955943533322,0.9873348518788526,True
e-,300.0,40.0,1.0,3.57852,3000,2969,0.9896666666666667,0.985370258715706,0.9927106554326248,True
e-,1000.0,40.0,1.0,3.57852,3000,2955,0.985,0.9799888940343428,0.988770622702091,True
e-,3000.0,40.0,1.0,3.57852,3000,2945,0.9816666666666667,0.9762138340741919,0.985887541653744,True
e-,10000.0,40.0,1.0,3.57852,3000,2974,0.9913333333333333,0.9873312537039419,0.9940787309486377,True
e-,0.5,60.0,1.0,3.57852,3000,0,0.0,0.0,0.0012788487253259629,True
e-,1.0,60.0,1.0,3.57852,3000,0,0.0,0.0,0.0012788487253259629,True
e-,3.0,60.0,1.0,3.57852,3000,0,0.0,0.0,0.0012788487253259629,True
e-,10.0,60.0,1.0,3.57852,3000,2009,0.6696666666666666,0.6526287098981719,0.6862706674343674,True
e-,30.0,60.0,1.0,3.57852,3000,2855,0.9516666666666667,0.9433976863354552,0.9587804203160004,True
e-,100.0,60.0,1.0,3.57852,3000,2963,0.9876666666666667,0.9830471566412514,0.9910388729019807,True
e-,300.0,60.0,1.0,3.57852,3000,2993,0.9976666666666667,0.9951911846593626,0.9988692679093629,True
e-,1000.0,60.0,1.0,3.57852,3000,2990,0.9966666666666667,0.9938746440277139,0.9981883662384624,True
e-,3000.0,60.0,1.0,3.57852,3000,2994,0.998,0.9956431969391587,0.9990830697304166,True
e-,10000.0,60.0,1.0,3.57852,3000,2995,0.9983333333333333,0.9961041847113639,0.9992878960590612,True
e-,0.5,70.0,1.0,3.57852,3000,0,0.0,0.0,0.0012788487253259629,True
e-,1.0,70.0,1.0,3.57852,3000,0,0.0,0.0,0.0012788487253259629,True
e-,3.0,70.0,1.0,3.57852,3000,0,0.0,0.0,0.0012788487253259629,True
e-,10.0,70.0,1.0,3.57852,3000,1424,0.4746666666666667,0.4568415029054163,0.4925566254300003,True
e-,30.0,70.0,1.0,3.57852,3000,2658,0.886,0.8741304023330911,0.8968823264509573,True
e-,100.0,70.0,1.0,3.57852,3000,2953,0.9843333333333333,0.9792300783910395,0.9881978101436948,True
e-,300.0,70.0,1.0,3.57852,3000,2989,0.9963333333333333,0.9934458647605265,0.9979513314047997,True
e-,1000.0,70.0,1.0,3.57852,3000,2997,0.999,0.9970638561911638,0.9996598527809608,True
e-,3000.0,70.0,1.0,3.57852,3000,2998,0.9993333333333333,0.9975723661607839,0.9998171569121904,True
e-,10000.0,70.0,1.0,3.57852,3000,3000,1.0,0.9987211512746742,1.0000000000000002,True
e-,0.5,0.0,2.0,7.15704,3000,0,0.0,0.0,0.0012788487253259629,True
e-,1.0,0.0,2.0,7.15704,3000,0,0.0,0.0,0.0012788487253259629,True
e-,3.0,0.0,2.0,7.15704,3000,0,0.0,0.0,0.0012788487253259629,True
e-,10.0,0.0,2.0,7.15704,3000,381,0.127,0.1155600153108971,0.13939400583819606,True
e-,30.0,0.0,2.0,7.15704,3000,111,0.037,0.030815880164332454,0.044368333755319386,True
e-,100.0,0.0,2.0,7.15704,3000,106,0.035333333333333335,0.029298655057599106,0.042556488357803825,True
e-,300.0,0.0,2.0,7.15704,3000,110,0.03666666666666667,0.030512135769472128,0.04400626404932994,True
e-,1000.0,0.0,2.0,7.15704,3000,129,0.043,0.0363065587076942,0.05086230902725372,True
e-,3000.0,0.0,2.0,7.15704,3000,142,0.04733333333333333,0.04029631456999429,0.055528136476000814,True
e-,10000.0,0.0,2.0,7.15704,3000,160,0.05333333333333334,0.04584887477722538,0.06196023008406583,True
e-,0.5,20.0,2.0,7.15704,3000,0,0.0,0.0,0.0012788487253259629,True
e-,1.0,20.0,2.0,7.15704,3000,0,0.0,0.0,0.0012788487253259629,True
e-,3.0,20.0,2.0,7.15704,3000,0,0.0,0.0,0.0012788487253259629,True
e-,10.0,20.0,2.0,7.15704,3000,567,0.189,0.17539133639121252,0.20340410751594024,True
e-,30.0,20.0,2.0,7.15704,3000,152,0.050666666666666665,0.04337731140028998,0.05910528065420295,True
e-,100.0,20.0,2.0,7.15704,3000,145,0.04833333333333333,0.041219579683999655,0.056602313664544796,True
e-,300.0,20.0,2.0,7.15704,3000,145,0.04833333333333333,0.041219579683999655,0.056602313664544796,True
e-,1000.0,20.0,2.0,7.15704,3000,174,0.058,0.05018726284558232,0.06694323942760584,True
e-,3000.0,20.0,2.0,7.15704,3000,181,0.060333333333333336,0.05236224245603363,0.069428958523103,True
e-,10000.0,20.0,2.0,7.15704,3000,204,0.068,0.0595328433782643,0.07757208192041733,True
e-,0.5,40.0,2.0,7.15704,3000,0,0.0,0.0,0.0012788487253259629,True
e-,1.0,40.0,2.0,7.15704,3000,0,0.0,0.0,0.0012788487253259629,True
e-,3.0,40.0,2.0,7.15704,3000,0,0.0,0.0,0.0012788487253259629,True
e-,10.0,40.0,2.0,7.15704,3000,918,0.306,0.2897665013824061,0.32272969192302037,True
e-,30.0,40.0,2.0,7.15704,3000,436,0.14533333333333334,0.13317525647560452,0.1583985402202267,True
e-,100.0,40.0,2.0,7.15704,3000,320,0.10666666666666667,0.09611920100638773,0.1182201599908687,True
e-,300.0,40.0,2.0,7.15704,3000,337,0.11233333333333333,0.10152575495684299,0.12413244575485971,True
e-,1000.0,40.0,2.0,7.15704,3000,360,0.12,0.10885485831348496,0.13211706671776274,True
e-,3000.0,40.0,2.0,7.15704,3000,373,0.12433333333333334,0.11300422874570978,0.13662327959658513,True
e-,10000.0,40.0,2.0,7.15704,3000,405,0.135,0.12323749349046723,0.14769606607902072,True
e-,0.5,60.0,2.0,7.15704,3000,0,0.0,0.0,0.0012788487253259629,True
e-,1.0,60.0,2.0,7.15704,3000,0,0.0,0.0,0.0012788487253259629,True
e-,3.0,60.0,2.0,7.15704,3000,0,0.0,0.0,0.0012788487253259629,True
e-,10.0,60.0,2.0,7.15704,3000,485,0.16166666666666665,0.1489270134352054,0.1752716742022651,True
e-,30.0,60.0,2.0,7.15704,3000,1787,0.5956666666666667,0.5779937399044297,0.613094907039458,True
e-,100.0,60.0,2.0,7.15704,3000,2139,0.713,0.6965484120269261,0.7289067984160851,True
e-,300.0,60.0,2.0,7.15704,3000,2205,0.735,0.7189140950891435,0.7504848460099534,True
e-,1000.0,60.0,2.0,7.15704,3000,2231,0.7436666666666667,0.7277384079298457,0.7589716997913456,True
e-,3000.0,60.0,2.0,7.15704,3000,2209,0.7363333333333333,0.7202711678871465,0.7517910296153494,True
e-,10000.0,60.0,2.0,7.15704,3000,2246,0.7486666666666667,0.7328330044006942,0.7638643148332437,True
e-,0.5,70.0,2.0,7.15704,3000,0,0.0,0.0,0.0012788487253259629,True
e-,1.0,70.0,2.0,7.15704,3000,0,0.0,0.0,0.0012788487253259629,True
e-,3.0,70.0,2.0,7.15704,3000,0,0.0,0.0,0.0012788487253259629,True
e-,10.0,70.0,2.0,7.15704,3000,313,0.10433333333333333,0.0938957600933863,0.11578290219792164,True
e-,30.0,70.0,2.0,7.15704,3000,2157,0.719,0.7026433729317254,0.7347964913265819,True
e-,100.0,70.0,2.0,7.15704,3000,2812,0.9373333333333334,0.9280889017177788,0.9454591985971362,True
e-,300.0,70.0,2.0,7.15704,3000,2917,0.9723333333333334,0.9658328965073789,0.9776256843967633,True
e-,1000.0,70.0,2.0,7.15704,3000,2923,0.9743333333333334,0.9680390907923707,0.9794143747168701,True
e-,3000.0,70.0,2.0,7.15704,3000,2923,0.9743333333333334,0.9680390907923707,0.9794143747168701,True
e-,10000.0,70.0,2.0,7.15704,3000,2923,0.9743333333333334,0.9680390907923707,0.9794143747168701,True
gamma,0.5,0.0,0.25,0.89463,3000,0,0.0,0.0,0.0012788487253259629,True
gamma,1.0,0.0,0.25,0.89463,3000,7,0.0023333333333333335,0.0011307320906370835,0.004808815340637359,True
gamma,3.0,0.0,0.25,0.89463,3000,195,0.065,0.056722755168535435,0.07438984322249816,True
gamma,10.0,0.0,0.25,0.89463,3000,164,0.05466666666666667,0.047086765023045096,0.06338559624164523,True
gamma,30.0,0.0,0.25,0.89463,3000,160,0.05333333333333334,0.04584887477722538,0.06196023008406583,True
gamma,100.0,0.0,0.25,0.89463,3000,149,0.049666666666666665,0.042451991585445485,0.0580331581664981,True
gamma,300.0,0.0,0.25,0.89463,3000,205,0.06833333333333333,0.059845390313466564,0.07792534908606481,True
gamma,1000.0,0.0,0.25,0.89463,3000,211,0.07033333333333333,0.061721947412477295,0.08004367659215282,True
gamma,3000.0,0.0,0.25,0.89463,3000,185,0.06166666666666667,0.05360670722610212,0.07084775015643364,True
gamma,10000.0,0.0,0.25,0.89463,3000,202,0.06733333333333333,0.05890793542797179,0.07686536166901026,True
gamma,0.5,20.0,0.25,0.89463,3000,0,0.0,0.0,0.0012788487253259629,True
gamma,1.0,20.0,0.25,0.89463,3000,5,0.0016666666666666668,0.0007121039409388158,0.0038958152886360608,True
gamma,3.0,20.0,0.25,0.89463,3000,216,0.072,0.06328737179829913,0.08180732271057986,True
gamma,10.0,20.0,0.25,0.89463,3000,160,0.05333333333333334,0.04584887477722538,0.06196023008406583,True
gamma,30.0,20.0,0.25,0.89463,3000,167,0.05566666666666667,0.04801606556145485,0.06445373800578483,True
gamma,100.0,20.0,0.25,0.89463,3000,187,0.06233333333333333,0.0542293667315876,0.07155671885264772,True
gamma,300.0,20.0,0.25,0.89463,3000,208,0.06933333333333333,0.06078339797179763,0.07898478373028311,True
gamma,1000.0,20.0,0.25,0.89463,3000,224,0.07466666666666667,0.06579500409098284,0.08462620322469445,True
gamma,3000.0,20.0,0.25,0.89463,3000,237,0.079,0.06987725542619352,0.08919953520053092,True
gamma,10000.0,20.0,0.25,0.89463,3000,218,0.07266666666666667,0.0639139441388719,0.0825123785717067,True
gamma,0.5,40.0,0.25,0.89463,3000,0,0.0,0.0,0.0012788487253259629,True
gamma,1.0,40.0,0.25,0.89463,3000,2,0.0006666666666666666,0.00018284308780954395,0.0024276338392159843,True
gamma,3.0,40.0,0.25,0.89463,3000,235,0.07833333333333334,0.06924864678390356,0.08849651564112133,True
gamma,10.0,40.0,0.25,0.89463,3000,234,0.078,0.0689344186666951,0.08814492965748001,True
gamma,30.0,40.0,0.25,0.89463,3000,214,0.07133333333333333,0.0626610280287148,0.08110203827846464,True
gamma,100.0,40.0,0.25,0.89463,3000,199,0.06633333333333333,0.057971044709308375,0.07580481008512431,True
gamma,300.0,40.0,0.25,0.89463,3000,264,0.088,0.0783822865297667,0.09867148481990187,True
gamma,1000.0,40.0,0.25,0.89463,3000,275,0.09166666666666666,0.08185665110327484,0.10252107535574134,True
gamma,3000.0,40.0,0.25,0.89463,3000,285,0.095,0.08501949220596522,0.1060163752615488,True
gamma,10000.0,40.0,0.25,0.89463,3000,321,0.107,0.09643697103671704,0.11856820406138914,True
gamma,0.5,60.0,0.25,0.89463,3000,0,0.0,0.0,0.0012788487253259629,True
gamma,1.0,60.0,0.25,0.89463,3000,5,0.0016666666666666668,0.0007121039409388158,0.0038958152886360608,True
gamma,3.0,60.0,0.25,0.89463,3000,356,0.11866666666666667,0.1075790990429635,0.1307295695848851,True
gamma,10.0,60.0,0.25,0.89463,3000,358,0.11933333333333333,0.10821692059145281,0.13142337623809533,True
gamma,30.0,60.0,0.25,0.89463,3000,334,0.11133333333333334,0.10057097984346397,0.12308977856568942,True
gamma,100.0,60.0,0.25,0.89463,3000,342,0.114,0.10311767354904272,0.12586959766690892,True
gamma,300.0,60.0,0.25,0.89463,3000,396,0.132,0.1203567048534542,0.14458452780838568,True
gamma,1000.0,60.0,0.25,0.89463,3000,385,0.12833333333333333,0.11683855494280439,0.14077872260968788,True
gamma,3000.0,60.0,0.25,0.89463,3000,447,0.149,0.1367068890442328,0.162190862760946,True
gamma,10000.0,60.0,0.25,0.89463,3000,445,0.14833333333333334,0.13606457424868373,0.16150154935479555,True
gamma,0.5,70.0,0.25,0.89463,3000,0,0.0,0.0,0.0012788487253259629,True
gamma,1.0,70.0,0.25,0.89463,3000,11,0.0036666666666666666,0.0020486685952001804,0.006554135239473392,True
gamma,3.0,70.0,0.25,0.89463,3000,513,0.171,0.1579498340734792,0.1848916483877853,True
gamma,10.0,70.0,0.25,0.89463,3000,475,0.15833333333333333,0.14570829524894569,0.17183225138002706,True
gamma,30.0,70.0,0.25,0.89463,3000,459,0.153,0.1405626033953825,0.16632491761999368,True
gamma,100.0,70.0,0.25,0.89463,3000,514,0.17133333333333334,0.1582723526026657,0.18523494395944856,True
gamma,300.0,70.0,0.25,0.89463,3000,530,0.17666666666666667,0.16343513893872877,0.19072518323698204,True
gamma,1000.0,70.0,0.25,0.89463,3000,565,0.18833333333333332,0.17474446165617466,0.20271935404927852,True
gamma,3000.0,70.0,0.25,0.89463,3000,633,0.211,0.19677376419067036,0.22596541037256804,True
gamma,10000.0,70.0,0.25,0.89463,3000,592,0.19733333333333333,0.18348275924988117,0.21195803717851613,True
gamma,0.5,0.0,0.5,1.78926,3000,0,0.0,0.0,0.0012788487253259629,True
gamma,1.0,0.0,0.5,1.78926,3000,0,0.0,0.0,0.0012788487253259629,True
gamma,3.0,0.0,0.5,1.78926,3000,117,0.039,0.0326413451987874,0.04653775332596314,True
gamma,10.0,0.0,0.5,1.78926,3000,140,0.04666666666666667,0.03968131639113648,0.05481150645315906,True
gamma,30.0,0.0,0.5,1.78926,3000,145,0.04833333333333333,0.041219579683999655,0.056602313664544796,True
gamma,100.0,0.0,0.5,1.78926,3000,137,0.04566666666666667,0.03875960781167959,0.0537357727300666,True
gamma,300.0,0.0,0.5,1.78926,3000,195,0.065,0.056722755168535435,0.07438984322249816,True
gamma,1000.0,0.0,0.5,1.78926,3000,201,0.067,0.058595575261858435,0.07651190773427385,True
gamma,3000.0,0.0,0.5,1.78926,3000,171,0.057,0.04925627402901687,0.06587678594162194,True
gamma,10000.0,0.0,0.5,1.78926,3000,193,0.06433333333333334,0.05609900349433693,0.07368196669499709,True
gamma,0.5,20.0,0.5,1.78926,3000,0,0.0,0.0,0.0012788487253259629,True
gamma,1.0,20.0,0.5,1.78926,3000,0,0.0,0.0,0.0012788487253259629,True
gamma,3.0,20.0,0.5,1.78926,3000,127,0.042333333333333334,0.03569444849435774,0.05014279103889063,True
gamma,10.0,20.0,0.5,1.78926,3000,133,0.044333333333333336,0.03753218141738335,0.05229994272096372,True
gamma,30.0,20.0,0.5,1.78926,3000,148,0.04933333333333333,0.04214374236315084,0.05767559328794296,True
gamma,100.0,20.0,0.5,1.78926,3000,178,0.059333333333333335,0.05142965866607647,0.06836410001051083,True
gamma,300.0,20.0,0.5,1.78926,3000,200,0.06666666666666667,0.058283278209758996,0.0761583906855235,True
gamma,1000.0,20.0,0.5,1.78926,3000,212,0.07066666666666667,0.06203491577815216,0.08039652232732775,True
gamma,3000.0,20.0,0.5,1.78926,3000,224,0.07466666666666667,0.06579500409098284,0.08462620322469445,True
gamma,10000.0,20.0,0.5,1.78926,3000,208,0.06933333333333333,0.06078339797179763,0.07898478373028311,True
gamma,0.5,40.0,0.5,1.78926,3000,0,0.0,0.0,0.0012788487253259629,True
gamma,1.0,40.0,0.5,1.78926,3000,0,0.0,0.0,0.0012788487253259629,True
gamma,3.0,40.0,0.5,1.78926,3000,148,0.04933333333333333,0.04214374236315084,0.05767559328794296,True
gamma,10.0,40.0,0.5,1.78926,3000,200,0.06666666666666667,0.058283278209758996,0.0761583906855235,True
gamma,30.0,40.0,0.5,1.78926,3000,197,0.06566666666666666,0.05734677014110726,0.07509745645162587,True
gamma,100.0,40.0,0.5,1.78926,3000,193,0.06433333333333334,0.05609900349433693,0.07368196669499709,True
gamma,300.0,40.0,0.5,1.78926,3000,252,0.084,0.07459808132677005,0.09446592081270115,True
gamma,1000.0,40.0,0.5,1.78926,3000,264,0.088,0.0783822865297667,0.09867148481990187,True
gamma,3000.0,40.0,0.5,1.78926,3000,280,0.09333333333333334,0.08343756972048183,0.10426922724278329,True
gamma,10000.0,40.0,0.5,1.78926,3000,309,0.103,0.09262598088993688,0.1143894249979719,True
gamma,0.5,60.0,0.5,1.78926,3000,0,0.0,0.0,0.0012788487253259629,True
gamma,1.0,60.0,0.5,1.78926,3000,0,0.0,0.0,0.0012788487253259629,True
gamma,3.0,60.0,0.5,1.78926,3000,236,0.07866666666666666,0.06956292580188018,0.08884805072399447,True
gamma,10.0,60.0,0.5,1.78926,3000,327,0.109,0.09834428966067715,0.12065577004252773,True
gamma,30.0,60.0,0.5,1.78926,3000,314,0.10466666666666667,0.09421329180776727,0.11613118458439045,True
gamma,100.0,60.0,0.5,1.78926,3000,324,0.108,0.09739048149367811,0.11961213590697743,True
gamma,300.0,60.0,0.5,1.78926,3000,381,0.127,0.1155600153108971,0.13939400583819606,True
gamma,1000.0,60.0,0.5,1.78926,3000,371,0.12366666666666666,0.11236555571111981,0.1359303244294755,True
gamma,3000.0,60.0,0.5,1.78926,3000,437,0.14566666666666667,0.1334962021573793,0.15874340863930167,True
gamma,10000.0,60.0,0.5,1.78926,3000,431,0.14366666666666666,0.13157086864337703,0.1566738575482053,True
gamma,0.5,70.0,0.5,1.78926,3000,0,0.0,0.0,0.0012788487253259629,True
gamma,1.0,70.0,0.5,1.78926,3000,0,0.0,0.0,0.0012788487253259629,True
gamma,3.0,70.0,0.5,1.78926,3000,335,0.11166666666666666,0.10088920659365967,0.12343736591634348,True
gamma,10.0,70.0,0.5,1.78926,3000,433,0.14433333333333334,0.1322125554006789,0.157363798992603,True
gamma,30.0,70.0,0.5,1.78926,3000,440,0.14666666666666667,0.13445917427378748,0.15977787882544284,True
gamma,100.0,70.0,0.5,1.78926,3000,505,0.16833333333333333,0.15537035766425142,0.18214461199021478,True
gamma,300.0,70.0,0.5,1.78926,3000,521,0.17366666666666666,0.16053049842591308,0.18763749684214967,True
gamma,1000.0,70.0,0.5,1.78926,3000,553,0.18433333333333332,0.17086461548018977,0.198609431015066,True
gamma,3000.0,70.0,0.5,1.78926,3000,621,0.207,0.19288109376752982,0.22186831158551118,True
gamma,10000.0,70.0,0.5,1.78926,3000,578,0.19266666666666668,0.17895032096655952,0.20716907804994086,True
gamma,0.5,0.0,1.0,3.57852,3000,0,0.0,0.0,0.0012788487253259629,True
gamma,1.0,0.0,1.0,3.57852,3000,0,0.0,0.0,0.0012788487253259629,True
gamma,3.0,0.0,1.0,3.57852,3000,0,0.0,0.0,0.0012788487253259629,True
gamma,10.0,0.0,1.0,3.57852,3000,81,0.027,0.021777157175250608,0.033432633718907756,True
gamma,30.0,0.0,1.0,3.57852,3000,113,0.03766666666666667,0.031423804566223214,0.0450920375551282,True
gamma,100.0,0.0,1.0,3.57852,3000,116,0.03866666666666667,0.03233675293648952,0.04617653148741124,True
gamma,300.0,0.0,1.0,3.57852,3000,175,0.058333333333333334,0.05049774759770786,0.06729856877633007,True
gamma,1000.0,0.0,1.0,3.57852,3000,181,0.060333333333333336,0.05236224245603363,0.069428958523103,True
gamma,3000.0,0.0,1.0,3.57852,3000,145,0.04833333333333333,0.041219579683999655,0.056602313664544796,True
gamma,10000.0,0.0,1.0,3.57852,3000,170,0.056666666666666664,0.04894610168340463,0.06552114418638438,True
gamma,0.5,20.0,1.0,3.57852,3000,0,0.0,0.0,0.0012788487253259629,True
gamma,1.0,20.0,1.0,3.57852,3000,0,0.0,0.0,0.0012788487253259629,True
gamma,3.0,20.0,1.0,3.57852,3000,0,0.0,0.0,0.0012788487253259629,True
gamma,10.0,20.0,1.0,3.57852,3000,83,0.027666666666666666,0.02237431560323675,0.03416710349262118,True
gamma,30.0,20.0,1.0,3.57852,3000,112,0.037333333333333336,0.03111977038239726,0.04473025763810437,True
gamma,100.0,20.0,1.0,3.57852,3000,159,0.053,0.04553961731667641,0.061603673443764995,True
gamma,300.0,20.0,1.0,3.57852,3000,187,0.06233333333333333,0.0542293667315876,0.07155671885264772,True
gamma,1000.0,20.0,1.0,3.57852,3000,192,0.064,0.055787227577051686,0.07332792851143254,True
gamma,3000.0,20.0,1.0,3.57852,3000,205,0.06833333333333333,0.059845390313466564,0.07792534908606481,True
gamma,10000.0,20.0,1.0,3.57852,3000,188,0.06266666666666666,0.054540801402863825,0.07191109828222125,True
gamma,0.5,40.0,1.0,3.57852,3000,0,0.0,0.0,0.0012788487253259629,True
gamma,1.0,40.0,1.0,3.57852,3000,0,0.0,0.0,0.0012788487253259629,True
gamma,3.0,40.0,1.0,3.57852,3000,0,0.0,0.0,0.0012788487253259629,True
gamma,10.0,40.0,1.0,3.57852,3000,145,0.04833333333333333,0.041219579683999655,0.056602313664544796,True
gamma,30.0,40.0,1.0,3.57852,3000,162,0.054,0.046467649316585216,0.06267308374640554,True
gamma,100.0,40.0,1.0,3.57852,3000,171,0.057,0.04925627402901687,0.06587678594162194,True
gamma,300.0,40.0,1.0,3.57852,3000,230,0.07666666666666666,0.06767802120373247,0.0867380707170435,True
gamma,1000.0,40.0,1.0,3.57852,3000,234,0.078,0.0689344186666951,0.08814492965748001,True
gamma,3000.0,40.0,1.0,3.57852,3000,255,0.085,0.07554352413105025,0.09551792031097028,True
gamma,10000.0,40.0,1.0,3.57852,3000,291,0.097,0.08691909125536426,0.10811166081724846,True
gamma,0.5,60.0,1.0,3.57852,3000,0,0.0,0.0,0.0012788487253259629,True
gamma,1.0,60.0,1.0,3.57852,3000,0,0.0,0.0,0.0012788487253259629,True
gamma,3.0,60.0,1.0,3.57852,3000,0,0.0,0.0,0.0012788487253259629,True
gamma,10.0,60.0,1.0,3.57852,3000,245,0.08166666666666667,0.07239367990574448,0.09200962352777824,True
gamma,30.0,60.0,1.0,3.57852,3000,278,0.09266666666666666,0.08280508045768813,0.10357008830387741,True
gamma,100.0,60.0,1.0,3.57852,3000,301,0.10033333333333333,0.0900881225298914,0.11160077055121914,True
gamma,300.0,60.0,1.0,3.57852,3000,359,0.11966666666666667,0.10853587498312671,0.13177023594727122,True
gamma,1000.0,60.0,1.0,3.57852,3000,344,0.11466666666666667,0.10375465754882172,0.1265642418688295,True
gamma,3000.0,60.0,1.0,3.57852,3000,418,0.13933333333333334,0.1274021660500632,0.15218697683047192,True
gamma,10000.0,60.0,1.0,3.57852,3000,414,0.138,0.1261202917644312,0.1508055947127048,True
gamma,0.5,70.0,1.0,3.57852,3000,0,0.0,0.0,0.0012788487253259629,True
gamma,1.0,70.0,1.0,3.57852,3000,0,0.0,0.0,0.0012788487253259629,True
gamma,3.0,70.0,1.0,3.57852,3000,0,0.0,0.0,0.0012788487253259629,True
gamma,10.0,70.0,1.0,3.57852,3000,341,0.11366666666666667,0.10279922771896328,0.12552222939613855,True
gamma,30.0,70.0,1.0,3.57852,3000,405,0.135,0.12323749349046723,0.14769606607902072,True
gamma,100.0,70.0,1.0,3.57852,3000,487,0.16233333333333333,0.1495709968935688,0.17595931894560135,True
gamma,300.0,70.0,1.0,3.57852,3000,507,0.169,0.1560151141844806,0.18283148367168517,True
gamma,1000.0,70.0,1.0,3.57852,3000,531,0.177,0.1637579666024505,0.19106816967411006,True
gamma,3000.0,70.0,1.0,3.57852,3000,600,0.2,0.18607411280390726,0.21469319643128834,True
gamma,10000.0,70.0,1.0,3.57852,3000,564,0.188,0.17442104914071704,0.20237695246388637,True
gamma,0.5,0.0,2.0,7.15704,3000,0,0.0,0.0,0.0012788487253259629,True
gamma,1.0,0.0,2.0,7.15704,3000,0,0.0,0.0,0.0012788487253259629,True
gamma,3.0,0.0,2.0,7.15704,3000,0,0.0,0.0,0.0012788487253259629,True
gamma,10.0,0.0,2.0,7.15704,3000,15,0.005,0.0030324533483749197,0.008233606889697783,True
gamma,30.0,0.0,2.0,7.15704,3000,57,0.019,0.014694268417491864,0.024535984056271713,True
gamma,100.0,0.0,2.0,7.15704,3000,70,0.023333333333333334,0.018510134550341235,0.029375701234469517,True
gamma,300.0,0.0,2.0,7.15704,3000,104,0.034666666666666665,0.028692841126501147,0.04183067408720221,True
gamma,1000.0,0.0,2.0,7.15704,3000,98,0.03266666666666666,0.02687931450264561,0.03964931610595905,True
gamma,3000.0,0.0,2.0,7.15704,3000,90,0.03,0.02447115109496187,0.03673096670684454,True
gamma,10000.0,0.0,2.0,7.15704,3000,101,0.033666666666666664,0.027785326467104215,0.04074074644404979,True
gamma,0.5,20.0,2.0,7.15704,3000,0,0.0,0.0,0.0012788487253259629,True
gamma,1.0,20.0,2.0,7.15704,3000,0,0.0,0.0,0.0012788487253259629,True
gamma,3.0,20.0,2.0,7.15704,3000,0,0.0,0.0,0.0012788487253259629,True
gamma,10.0,20.0,2.0,7.15704,3000,13,0.004333333333333333,0.0025342196904608112,0.007400212345912326,True
gamma,30.0,20.0,2.0,7.15704,3000,54,0.018,0.01382214963784215,0.02341066053337208,True
gamma,100.0,20.0,2.0,7.15704,3000,93,0.031,0.02537281666935177,0.03782674343500397,True
gamma,300.0,20.0,2.0,7.15704,3000,139,0.04633333333333333,0.03937397396973145,0.054453034773714305,True
gamma,1000.0,20.0,2.0,7.15704,3000,122,0.04066666666666666,0.03416630327106453,0.04834186575793492,True
gamma,3000.0,20.0,2.0,7.15704,3000,130,0.043333333333333335,0.0366127910180945,0.051221890817703224,True
gamma,10000.0,20.0,2.0,7.15704,3000,129,0.043,0.0363065587076942,0.05086230902725372,True
gamma,0.5,40.0,2.0,7.15704,3000,0,0.0,0.0,0.0012788487253259629,True
gamma,1.0,40.0,2.0,7.15704,3000,0,0.0,0.0,0.0012788487253259629,True
gamma,3.0,40.0,2.0,7.15704,3000,0,0.0,0.0,0.0012788487253259629,True
gamma,10.0,40.0,2.0,7.15704,3000,31,0.010333333333333333,0.007289344567375226,0.014629741284294003,True
gamma,30.0,40.0,2.0,7.15704,3000,82,0.027333333333333334,0.022075623775343264,0.03379998121966488,True
gamma,100.0,40.0,2.0,7.15704,3000,129,0.043,0.0363065587076942,0.05086230902725372,True
gamma,300.0,40.0,2.0,7.15704,3000,185,0.06166666666666667,0.05360670722610212,0.07084775015643364,True
gamma,1000.0,40.0,2.0,7.15704,3000,181,0.060333333333333336,0.05236224245603363,0.069428958523103,True
gamma,3000.0,40.0,2.0,7.15704,3000,200,0.06666666666666667,0.058283278209758996,0.0761583906855235,True
gamma,10000.0,40.0,2.0,7.15704,3000,233,0.07766666666666666,0.06862024174778868,0.08779329247553662,True
gamma,0.5,60.0,2.0,7.15704,3000,0,0.0,0.0,0.0012788487253259629,True
gamma,1.0,60.0,2.0,7.15704,3000,0,0.0,0.0,0.0012788487253259629,True
gamma,3.0,60.0,2.0,7.15704,3000,0,0.0,0.0,0.0012788487253259629,True
gamma,10.0,60.0,2.0,7.15704,3000,95,0.03166666666666667,0.02597487167043385,0.03855631663562147,True
gamma,30.0,60.0,2.0,7.15704,3000,199,0.06633333333333333,0.057971044709308375,0.07580481008512431,True
gamma,100.0,60.0,2.0,7.15704,3000,252,0.084,0.07459808132677005,0.09446592081270115,True
gamma,300.0,60.0,2.0,7.15704,3000,325,0.10833333333333334,0.09770838464898784,0.11996004685251749,True
gamma,1000.0,60.0,2.0,7.15704,3000,291,0.097,0.08691909125536426,0.10811166081724846,True
gamma,3000.0,60.0,2.0,7.15704,3000,367,0.12233333333333334,0.11108854327811075,0.13454408045908545,True
gamma,10000.0,60.0,2.0,7.15704,3000,370,0.12333333333333334,0.1120462607535609,0.13558380528618466,True
gamma,0.5,70.0,2.0,7.15704,3000,0,0.0,0.0,0.0012788487253259629,True
gamma,1.0,70.0,2.0,7.15704,3000,0,0.0,0.0,0.0012788487253259629,True
gamma,3.0,70.0,2.0,7.15704,3000,0,0.0,0.0,0.0012788487253259629,True
gamma,10.0,70.0,2.0,7.15704,3000,145,0.04833333333333333,0.041219579683999655,0.056602313664544796,True
gamma,30.0,70.0,2.0,7.15704,3000,344,0.11466666666666667,0.10375465754882172,0.1265642418688295,True
gamma,100.0,70.0,2.0,7.15704,3000,433,0.14433333333333334,0.1322125554006789,0.157363798992603,True
gamma,300.0,70.0,2.0,7.15704,3000,475,0.15833333333333333,0.14570829524894569,0.17183225138002706,True
gamma,1000.0,70.0,2.0,7.15704,3000,491,0.16366666666666665,0.1508592004587268,0.17733437178384243,True
gamma,3000.0,70.0,2.0,7.15704,3000,554,0.18466666666666667,0.17118784335873422,0.19895201723737138,True
gamma,10000.0,70.0,2.0,7.15704,3000,514,0.17133333333333334,0.1582723526026657,0.18523494395944856,True
mu-,300.0,0.0,0.25,0.89463,2000,1999,0.9995,0.9971731374967338,0.9999117322692944,True
mu-,1000.0,0.0,0.25,0.89463,2000,2000,1.0,0.9980829527187469,0.9999999999999998,True
mu-,3000.0,0.0,0.25,0.89463,2000,2000,1.0,0.9980829527187469,0.9999999999999998,True
mu-,10000.0,0.0,0.25,0.89463,2000,2000,1.0,0.9980829527187469,0.9999999999999998,True
mu-,30000.0,0.0,0.25,0.89463,2000,2000,1.0,0.9980829527187469,0.9999999999999998,True
mu-,100000.0,0.0,0.25,0.89463,2000,2000,1.0,0.9980829527187469,0.9999999999999998,True
mu-,300.0,20.0,0.25,0.89463,2000,2000,1.0,0.9980829527187469,0.9999999999999998,True
mu-,1000.0,20.0,0.25,0.89463,2000,2000,1.0,0.9980829527187469,0.9999999999999998,True
mu-,3000.0,20.0,0.25,0.89463,2000,2000,1.0,0.9980829527187469,0.9999999999999998,True
mu-,10000.0,20.0,0.25,0.89463,2000,2000,1.0,0.9980829527187469,0.9999999999999998,True
mu-,30000.0,20.0,0.25,0.89463,2000,2000,1.0,0.9980829527187469,0.9999999999999998,True
mu-,100000.0,20.0,0.25,0.89463,2000,2000,1.0,0.9980829527187469,0.9999999999999998,True
mu-,300.0,40.0,0.25,0.89463,2000,1999,0.9995,0.9971731374967338,0.9999117322692944,True
mu-,1000.0,40.0,0.25,0.89463,2000,2000,1.0,0.9980829527187469,0.9999999999999998,True
mu-,3000.0,40.0,0.25,0.89463,2000,2000,1.0,0.9980829527187469,0.9999999999999998,True
mu-,10000.0,40.0,0.25,0.89463,2000,2000,1.0,0.9980829527187469,0.9999999999999998,True
mu-,30000.0,40.0,0.25,0.89463,2000,2000,1.0,0.9980829527187469,0.9999999999999998,True
mu-,100000.0,40.0,0.25,0.89463,2000,2000,1.0,0.9980829527187469,0.9999999999999998,True
mu-,300.0,60.0,0.25,0.89463,2000,1999,0.9995,0.9971731374967338,0.9999117322692944,True
mu-,1000.0,60.0,0.25,0.89463,2000,2000,1.0,0.9980829527187469,0.9999999999999998,True
mu-,3000.0,60.0,0.25,0.89463,2000,2000,1.0,0.9980829527187469,0.9999999999999998,True
mu-,10000.0,60.0,0.25,0.89463,2000,2000,1.0,0.9980829527187469,0.9999999999999998,True
mu-,30000.0,60.0,0.25,0.89463,2000,2000,1.0,0.9980829527187469,0.9999999999999998,True
mu-,100000.0,60.0,0.25,0.89463,2000,2000,1.0,0.9980829527187469,0.9999999999999998,True
mu-,300.0,70.0,0.25,0.89463,2000,1998,0.999,0.9963610657309615,0.9997257210823479,True
mu-,1000.0,70.0,0.25,0.89463,2000,2000,1.0,0.9980829527187469,0.9999999999999998,True
mu-,3000.0,70.0,0.25,0.89463,2000,2000,1.0,0.9980829527187469,0.9999999999999998,True
mu-,10000.0,70.0,0.25,0.89463,2000,2000,1.0,0.9980829527187469,0.9999999999999998,True
mu-,30000.0,70.0,0.25,0.89463,2000,2000,1.0,0.9980829527187469,0.9999999999999998,True
mu-,100000.0,70.0,0.25,0.89463,2000,2000,1.0,0.9980829527187469,0.9999999999999998,True
mu-,300.0,0.0,0.5,1.78926,2000,1998,0.999,0.9963610657309615,0.9997257210823479,True
mu-,1000.0,0.0,0.5,1.78926,2000,2000,1.0,0.9980829527187469,0.9999999999999998,True
mu-,3000.0,0.0,0.5,1.78926,2000,2000,1.0,0.9980829527187469,0.9999999999999998,True
mu-,10000.0,0.0,0.5,1.78926,2000,2000,1.0,0.9980829527187469,0.9999999999999998,True
mu-,30000.0,0.0,0.5,1.78926,2000,2000,1.0,0.9980829527187469,0.9999999999999998,True
mu-,100000.0,0.0,0.5,1.78926,2000,2000,1.0,0.9980829527187469,0.9999999999999998,True
mu-,300.0,20.0,0.5,1.78926,2000,2000,1.0,0.9980829527187469,0.9999999999999998,True
mu-,1000.0,20.0,0.5,1.78926,2000,1999,0.9995,0.9971731374967338,0.9999117322692944,True
mu-,3000.0,20.0,0.5,1.78926,2000,2000,1.0,0.9980829527187469,0.9999999999999998,True
mu-,10000.0,20.0,0.5,1.78926,2000,2000,1.0,0.9980829527187469,0.9999999999999998,True
mu-,30000.0,20.0,0.5,1.78926,2000,1999,0.9995,0.9971731374967338,0.9999117322692944,True
mu-,100000.0,20.0,0.5,1.78926,2000,1999,0.9995,0.9971731374967338,0.9999117322692944,True
mu-,300.0,40.0,0.5,1.78926,2000,1999,0.9995,0.9971731374967338,0.9999117322692944,True
mu-,1000.0,40.0,0.5,1.78926,2000,2000,1.0,0.9980829527187469,0.9999999999999998,True
mu-,3000.0,40.0,0.5,1.78926,2000,2000,1.0,0.9980829527187469,0.9999999999999998,True
mu-,10000.0,40.0,0.5,1.78926,2000,2000,1.0,0.9980829527187469,0.9999999999999998,True
mu-,30000.0,40.0,0.5,1.78926,2000,2000,1.0,0.9980829527187469,0.9999999999999998,True
mu-,100000.0,40.0,0.5,1.78926,2000,2000,1.0,0.9980829527187469,0.9999999999999998,True
mu-,300.0,60.0,0.5,1.78926,2000,1999,0.9995,0.9971731374967338,0.9999117322692944,True
mu-,1000.0,60.0,0.5,1.78926,2000,2000,1.0,0.9980829527187469,0.9999999999999998,True
mu-,3000.0,60.0,0.5,1.78926,2000,2000,1.0,0.9980829527187469,0.9999999999999998,True
mu-,10000.0,60.0,0.5,1.78926,2000,2000,1.0,0.9980829527187469,0.9999999999999998,True
mu-,30000.0,60.0,0.5,1.78926,2000,2000,1.0,0.9980829527187469,0.9999999999999998,True
mu-,100000.0,60.0,0.5,1.78926,2000,2000,1.0,0.9980829527187469,0.9999999999999998,True
mu-,300.0,70.0,0.5,1.78926,2000,1998,0.999,0.9963610657309615,0.9997257210823479,True
mu-,1000.0,70.0,0.5,1.78926,2000,1999,0.9995,0.9971731374967338,0.9999117322692944,True
mu-,3000.0,70.0,0.5,1.78926,2000,2000,1.0,0.9980829527187469,0.9999999999999998,True
mu-,10000.0,70.0,0.5,1.78926,2000,2000,1.0,0.9980829527187469,0.9999999999999998,True
mu-,30000.0,70.0,0.5,1.78926,2000,2000,1.0,0.9980829527187469,0.9999999999999998,True
mu-,100000.0,70.0,0.5,1.78926,2000,2000,1.0,0.9980829527187469,0.9999999999999998,True
mu-,300.0,0.0,1.0,3.57852,2000,1250,0.625,0.6035621290799567,0.64595860909973,True
mu-,1000.0,0.0,1.0,3.57852,2000,1081,0.5405,0.5186021072597079,0.5622426119105105,True
mu-,3000.0,0.0,1.0,3.57852,2000,1160,0.58,0.558236077729506,0.6014571947054935,True
mu-,10000.0,0.0,1.0,3.57852,2000,1214,0.607,0.5854090015872633,0.6281807502945485,True
mu-,30000.0,0.0,1.0,3.57852,2000,1222,0.611,0.58944037751163,0.6321340379919317,True
mu-,100000.0,0.0,1.0,3.57852,2000,1216,0.608,0.5864167046182744,0.6291692131689748,True
mu-,300.0,20.0,1.0,3.57852,2000,1652,0.826,0.8087643148713761,0.8419857703012468,True
mu-,1000.0,20.0,1.0,3.57852,2000,1526,0.763,0.7438701413329122,0.7811214917971488,True
mu-,3000.0,20.0,1.0,3.57852,2000,1582,0.791,0.7726310318046226,0.8082532466776882,True
mu-,10000.0,20.0,1.0,3.57852,2000,1631,0.8155,0.7979009292610314,0.831889413904498,True
mu-,30000.0,20.0,1.0,3.57852,2000,1648,0.824,0.8066934441394626,0.8400643092222853,True
mu-,100000.0,20.0,1.0,3.57852,2000,1625,0.8125,0.7948009500540084,0.8290008953952085,True
mu-,300.0,40.0,1.0,3.57852,2000,1979,0.9895,0.9840010980925269,0.9931221126191265,True
mu-,1000.0,40.0,1.0,3.57852,2000,1970,0.985,0.9786675621742913,0.9894729019628932,True
mu-,3000.0,40.0,1.0,3.57852,2000,1961,0.9805,0.9734549739114068,0.9857027436513092,True
mu-,10000.0,40.0,1.0,3.57852,2000,1966,0.983,0.9763388128481535,0.987809319478156,True
mu-,30000.0,40.0,1.0,3.57852,2000,1974,0.987,0.9810196914827969,0.9911131044652626,True
mu-,100000.0,40.0,1.0,3.57852,2000,1974,0.987,0.9810196914827969,0.9911131044652626,True
mu-,300.0,60.0,1.0,3.57852,2000,1993,0.9965,0.9927928037467583,0.9983035683029576,True
mu-,1000.0,60.0,1.0,3.57852,2000,1997,0.9985,0.9955989674442294,0.9994897364163615,True
mu-,3000.0,60.0,1.0,3.57852,2000,1995,0.9975,0.9941608466835673,0.9989316912715861,True
mu-,10000.0,60.0,1.0,3.57852,2000,1999,0.9995,0.9971731374967338,0.9999117322692944,True
mu-,30000.0,60.0,1.0,3.57852,2000,1997,0.9985,0.9955989674442294,0.9994897364163615,True
mu-,100000.0,60.0,1.0,3.57852,2000,1995,0.9975,0.9941608466835673,0.9989316912715861,True
mu-,300.0,70.0,1.0,3.57852,2000,1998,0.999,0.9963610657309615,0.9997257210823479,True
mu-,1000.0,70.0,1.0,3.57852,2000,1999,0.9995,0.9971731374967338,0.9999117322692944,True
mu-,3000.0,70.0,1.0,3.57852,2000,2000,1.0,0.9980829527187469,0.9999999999999998,True
mu-,10000.0,70.0,1.0,3.57852,2000,2000,1.0,0.9980829527187469,0.9999999999999998,True
mu-,30000.0,70.0,1.0,3.57852,2000,2000,1.0,0.9980829527187469,0.9999999999999998,True
mu-,100000.0,70.0,1.0,3.57852,2000,2000,1.0,0.9980829527187469,0.9999999999999998,True
mu-,300.0,0.0,2.0,7.15704,2000,31,0.0155,0.010940972933704062,0.021916645881830028,True
mu-,1000.0,0.0,2.0,7.15704,2000,59,0.0295,0.02293885238774463,0.037865089103914375,True
mu-,3000.0,0.0,2.0,7.15704,2000,57,0.0285,0.022062516054529094,0.03674525953169242,True
mu-,10000.0,0.0,2.0,7.15704,2000,74,0.037,0.029575304829629133,0.04619988095281107,True
mu-,30000.0,0.0,2.0,7.15704,2000,79,0.0395,0.03180890787160705,0.0489566926744269,True
mu-,100000.0,0.0,2.0,7.15704,2000,67,0.0335,0.026465276470638475,0.042323328642770504,True
mu-,300.0,20.0,2.0,7.15704,2000,45,0.0225,0.01685787548400037,0.02997290466959618,True
mu-,1000.0,20.0,2.0,7.15704,2000,61,0.0305,0.02381739549016912,0.03898271190692737,True
mu-,3000.0,20.0,2.0,7.15704,2000,82,0.041,0.03315349074927443,0.05060635865491575,True
mu-,10000.0,20.0,2.0,7.15704,2000,83,0.0415,0.033602383185357104,0.05115554917155182,True
mu-,30000.0,20.0,2.0,7.15704,2000,90,0.045,0.03675381704471326,0.05499069598122689,True
mu-,100000.0,20.0,2.0,7.15704,2000,84,0.042,0.0340516147420547,0.05170440056757297,True
mu-,300.0,40.0,2.0,7.15704,2000,110,0.055,0.04583478836864504,0.06587138371167006,True
mu-,1000.0,40.0,2.0,7.15704,2000,143,0.0715,0.0610102548427334,0.08363265467730036,True
mu-,3000.0,40.0,2.0,7.15704,2000,166,0.083,0.07169373071300192,0.09590508671956302,True
mu-,10000.0,40.0,2.0,7.15704,2000,182,0.091,0.07916698061730579,0.1044011640587591,True
mu-,30000.0,40.0,2.0,7.15704,2000,194,0.097,0.08479131615107749,0.11075382395761238,True
mu-,100000.0,40.0,2.0,7.15704,2000,184,0.092,0.08010326619960463,0.10546104438189775,True
mu-,300.0,60.0,2.0,7.15704,2000,1382,0.691,0.6703987237896356,0.7108689641489256,True
mu-,1000.0,60.0,2.0,7.15704,2000,1273,0.6365,0.6151762388440337,0.6573004072481842,True
mu-,3000.0,60.0,2.0,7.15704,2000,1334,0.667,0.6460425135777893,0.6873171926302722,True
mu-,10000.0,60.0,2.0,7.15704,2000,1350,0.675,0.6541544022367746,0.695174631214787,True
mu-,30000.0,60.0,2.0,7.15704,2000,1377,0.6885,0.6678587105380663,0.7084185626369012,True
mu-,100000.0,60.0,2.0,7.15704,2000,1417,0.7085,0.6881984558973853,0.7280021353863322,True
mu-,300.0,70.0,2.0,7.15704,2000,1939,0.9695,0.9610172880930726,0.9761826045098309,True
mu-,1000.0,70.0,2.0,7.15704,2000,1944,0.972,0.9638155173143411,0.9783747900521559,True
mu-,3000.0,70.0,2.0,7.15704,2000,1949,0.9745,0.9666286379543997,0.9805520841756913,True
mu-,10000.0,70.0,2.0,7.15704,2000,1952,0.976,0.9683245276915415,0.9818504432967055,True
mu-,30000.0,70.0,2.0,7.15704,2000,1929,0.9645,0.95545893930598,0.971760123769736,True
mu-,100000.0,70.0,2.0,7.15704,2000,1955,0.9775,0.9700270953304039,0.9831421245159996,True
neutron,300.0,0.0,0.25,0.89463,2000,62,0.031,0.024257462141641817,0.03954072820817342,True
neutron,1000.0,0.0,0.25,0.89463,2000,69,0.0345,0.027351694147721588,0.04343307687112489,True
neutron,3000.0,0.0,0.25,0.89463,2000,94,0.047,0.038561402365168564,0.05717544247164658,True
neutron,10000.0,0.0,0.25,0.89463,2000,95,0.0475,0.03901402059617837,0.05772090719335553,True
neutron,30000.0,0.0,0.25,0.89463,2000,84,0.042,0.0340516147420547,0.05170440056757297,True
neutron,100000.0,0.0,0.25,0.89463,2000,97,0.0485,0.03992009344287708,0.05881100025209431,True
neutron,300.0,20.0,0.25,0.89463,2000,59,0.0295,0.02293885238774463,0.037865089103914375,True
neutron,1000.0,20.0,0.25,0.89463,2000,105,0.0525,0.04355496702511128,0.06316079029161008,True
neutron,3000.0,20.0,0.25,0.89463,2000,92,0.046,0.03765702335931109,0.05608365557206656,True
neutron,10000.0,20.0,0.25,0.89463,2000,86,0.043,0.03495107254461269,0.05280110867045247,True
neutron,30000.0,20.0,0.25,0.89463,2000,75,0.0375,0.030021256563230403,0.04675201217192855,True
neutron,100000.0,20.0,0.25,0.89463,2000,80,0.04,0.032256746939981165,0.04950693655877153,True
neutron,300.0,40.0,0.25,0.89463,2000,67,0.0335,0.026465276470638475,0.042323328642770504,True
neutron,1000.0,40.0,0.25,0.89463,2000,103,0.0515,0.042644720050338814,0.062074871360945055,True
neutron,3000.0,40.0,0.25,0.89463,2000,110,0.055,0.04583478836864504,0.06587138371167006,True
neutron,10000.0,40.0,0.25,0.89463,2000,120,0.06,0.050411197114316506,0.07127580449318606,True
neutron,30000.0,40.0,0.25,0.89463,2000,128,0.064,0.05408699935255319,0.07558466587669936,True
neutron,100000.0,40.0,0.25,0.89463,2000,106,0.053,0.04401045720579706,0.06370338306364304,True
neutron,300.0,60.0,0.25,0.89463,2000,115,0.0575,0.04812031303342549,0.06857627381048334,True
neutron,1000.0,60.0,0.25,0.89463,2000,152,0.076,0.06518168804667072,0.08844396804783176,True
neutron,3000.0,60.0,0.25,0.89463,2000,163,0.0815,0.07029605647844997,0.09430851209595872,True
neutron,10000.0,60.0,0.25,0.89463,2000,156,0.078,0.06703950613485772,0.09057848177051976,True
neutron,30000.0,60.0,0.25,0.89463,2000,168,0.084,0.0726261614635203,0.09696882187448214,True
neutron,100000.0,60.0,0.25,0.89463,2000,155,0.0775,0.06657483756091465,0.09004506739174409,True
neutron,300.0,70.0,0.25,0.89463,2000,190,0.095,0.08291479680735943,0.10863801149045545,True
neutron,1000.0,70.0,0.25,0.89463,2000,203,0.1015,0.0890195479939982,0.11550833868916041,True
neutron,3000.0,70.0,0.25,0.89463,2000,234,0.117,0.10364199138514973,0.13182646683229002,True
neutron,10000.0,70.0,0.25,0.89463,2000,231,0.1155,0.10222324031966848,0.13025096903961503,True
neutron,30000.0,70.0,0.25,0.89463,2000,244,0.122,0.10837641940653489,0.13707286833809232,True
neutron,100000.0,70.0,0.25,0.89463,2000,180,0.09,0.07823115160665478,0.10334082716397261,True
neutron,300.0,0.0,0.5,1.78926,2000,54,0.027,0.020752396241488,0.035061130486577274,True
neutron,1000.0,0.0,0.5,1.78926,2000,68,0.034,0.026908260159560583,0.042878427906567144,True
neutron,3000.0,0.0,0.5,1.78926,2000,85,0.0425,0.03450117971009799,0.05225291855224844,True
neutron,10000.0,0.0,0.5,1.78926,2000,93,0.0465,0.03810906851120825,0.056629693372888146,True
neutron,30000.0,0.0,0.5,1.78926,2000,80,0.04,0.032256746939981165,0.04950693655877153,True
neutron,100000.0,0.0,0.5,1.78926,2000,96,0.048,0.03946691899074102,0.05826609175151162,True
neutron,300.0,20.0,0.5,1.78926,2000,55,0.0275,0.021188498165677007,0.03562311151510701,True
neutron,1000.0,20.0,0.5,1.78926,2000,93,0.0465,0.03810906851120825,0.056629693372888146,True
neutron,3000.0,20.0,0.5,1.78926,2000,82,0.041,0.03315349074927443,0.05060635865491575,True
neutron,10000.0,20.0,0.5,1.78926,2000,85,0.0425,0.03450117971009799,0.05225291855224844,True
neutron,30000.0,20.0,0.5,1.78926,2000,74,0.037,0.029575304829629133,0.04619988095281107,True
neutron,100000.0,20.0,0.5,1.78926,2000,76,0.038,0.030467599928741894,0.04730375175913581,True
neutron,300.0,40.0,0.5,1.78926,2000,60,0.03,0.02337785471293825,0.03842416973143951,True
neutron,1000.0,40.0,0.5,1.78926,2000,93,0.0465,0.03810906851120825,0.056629693372888146,True
neutron,3000.0,40.0,0.5,1.78926,2000,101,0.0505,0.04173547326167801,0.06098795224416838,True
neutron,10000.0,40.0,0.5,1.78926,2000,111,0.0555,0.04629144858684901,0.06641280644618483,True
neutron,30000.0,40.0,0.5,1.78926,2000,125,0.0625,0.05270713160648804,0.07397028476460826,True
neutron,100000.0,40.0,0.5,1.78926,2000,101,0.0505,0.04173547326167801,0.06098795224416838,True
neutron,300.0,60.0,0.5,1.78926,2000,100,0.05,0.04128123361873174,0.0604441089343959,True
neutron,1000.0,60.0,0.5,1.78926,2000,143,0.0715,0.0610102548427334,0.08363265467730036,True
neutron,3000.0,60.0,0.5,1.78926,2000,143,0.0715,0.0610102548427334,0.08363265467730036,True
neutron,10000.0,60.0,0.5,1.78926,2000,146,0.073,0.06239935949340271,0.08523779888478729,True
neutron,30000.0,60.0,0.5,1.78926,2000,158,0.079,0.0679692639204037,0.09164488989041128,True
neutron,100000.0,60.0,0.5,1.78926,2000,149,0.0745,0.06378984993294572,0.08684155730340053,True
neutron,300.0,70.0,0.5,1.78926,2000,164,0.082,0.07076181688143124,0.0948408346456962,True
neutron,1000.0,70.0,0.5,1.78926,2000,183,0.0915,0.07963506675642809,0.10493116087235554,True
neutron,3000.0,70.0,0.5,1.78926,2000,222,0.111,0.09797153726075743,0.12551992552405733,True
neutron,10000.0,70.0,0.5,1.78926,2000,224,0.112,0.09891575901603857,0.12657186967421372,True
neutron,30000.0,70.0,0.5,1.78926,2000,233,0.1165,0.10316899183684573,0.13130138342787528,True
neutron,100000.0,70.0,0.5,1.78926,2000,175,0.0875,0.07589362184323717,0.10068794216379648,True
neutron,300.0,0.0,1.0,3.57852,2000,48,0.024,0.018149556703294482,0.03167547230845831,True
neutron,1000.0,0.0,1.0,3.57852,2000,64,0.032,0.025139125203291417,0.04065523105196132,True
neutron,3000.0,0.0,1.0,3.57852,2000,77,0.0385,0.03091432761660475,0.047855107023991705,True
neutron,10000.0,0.0,1.0,3.57852,2000,89,0.0445,0.03630266512840682,0.054443764944814586,True
neutron,30000.0,0.0,1.0,3.57852,2000,74,0.037,0.029575304829629133,0.04619988095281107,True
neutron,100000.0,0.0,1.0,3.57852,2000,93,0.0465,0.03810906851120825,0.056629693372888146,True
neutron,300.0,20.0,1.0,3.57852,2000,45,0.0225,0.01685787548400037,0.02997290466959618,True
neutron,1000.0,20.0,1.0,3.57852,2000,88,0.044,0.03585182041641652,0.05389652670408614,True
neutron,3000.0,20.0,1.0,3.57852,2000,75,0.0375,0.030021256563230403,0.04675201217192855,True
neutron,10000.0,20.0,1.0,3.57852,2000,83,0.0415,0.033602383185357104,0.05115554917155182,True
neutron,30000.0,20.0,1.0,3.57852,2000,72,0.036,0.02868460672278366,0.04509441315421905,True
neutron,100000.0,20.0,1.0,3.57852,2000,75,0.0375,0.030021256563230403,0.04675201217192855,True
neutron,300.0,40.0,1.0,3.57852,2000,54,0.027,0.020752396241488,0.035061130486577274,True
neutron,1000.0,40.0,1.0,3.57852,2000,84,0.042,0.0340516147420547,0.05170440056757297,True
neutron,3000.0,40.0,1.0,3.57852,2000,94,0.047,0.038561402365168564,0.05717544247164658,True
neutron,10000.0,40.0,1.0,3.57852,2000,107,0.0535,0.04446618753651597,0.06424573568564287,True
neutron,30000.0,40.0,1.0,3.57852,2000,123,0.0615,0.05178817023412858,0.07289308023153022,True
neutron,100000.0,40.0,1.0,3.57852,2000,99,0.0495,0.040827254610808245,0.059900004989600644,True
neutron,300.0,60.0,1.0,3.57852,2000,91,0.0455,0.03720527135020145,0.05553732462845745,True
neutron,1000.0,60.0,1.0,3.57852,2000,129,0.0645,0.05454732717628902,0.07612242100568228,True
neutron,3000.0,60.0,1.0,3.57852,2000,135,0.0675,0.057313062415804306,0.07934518348247949,True
neutron,10000.0,60.0,1.0,3.57852,2000,137,0.0685,0.05823636538977861,0.08041804641394268,True
neutron,30000.0,60.0,1.0,3.57852,2000,155,0.0775,0.06657483756091465,0.09004506739174409,True
neutron,100000.0,60.0,1.0,3.57852,2000,148,0.074,0.06332620153509969,0.08630712274852781,True
neutron,300.0,70.0,1.0,3.57852,2000,151,0.0755,0.06471759454279065,0.08790997859899309,True
neutron,1000.0,70.0,1.0,3.57852,2000,168,0.084,0.0726261614635203,0.09696882187448214,True
neutron,3000.0,70.0,1.0,3.57852,2000,214,0.107,0.09419820147525404,0.12130859768781074,True
neutron,10000.0,70.0,1.0,3.57852,2000,217,0.1085,0.09561252722040278,0.12288852080081825,True
neutron,30000.0,70.0,1.0,3.57852,2000,229,0.1145,0.10127782200421726,0.12920022144962875,True
neutron,100000.0,70.0,1.0,3.57852,2000,171,0.0855,0.07402575867765614,0.09856347351850255,True
neutron,300.0,0.0,2.0,7.15704,2000,42,0.021,0.015573520825817387,0.028263010469622922,True
neutron,1000.0,0.0,2.0,7.15704,2000,57,0.0285,0.022062516054529094,0.03674525953169242,True
neutron,3000.0,0.0,2.0,7.15704,2000,70,0.035,0.027795569156293554,0.04398728481527167,True
neutron,10000.0,0.0,2.0,7.15704,2000,88,0.044,0.03585182041641652,0.05389652670408614,True
neutron,30000.0,0.0,2.0,7.15704,2000,73,0.0365,0.02912975228047479,0.045647350549246665,True
neutron,100000.0,0.0,2.0,7.15704,2000,91,0.0455,0.03720527135020145,0.05553732462845745,True
neutron,300.0,20.0,2.0,7.15704,2000,42,0.021,0.015573520825817387,0.028263010469622922,True
neutron,1000.0,20.0,2.0,7.15704,2000,73,0.0365,0.02912975228047479,0.045647350549246665,True
neutron,3000.0,20.0,2.0,7.15704,2000,56,0.028,0.021625209947844046,0.03618448268565872,True
neutron,10000.0,20.0,2.0,7.15704,2000,80,0.04,0.032256746939981165,0.04950693655877153,True
neutron,30000.0,20.0,2.0,7.15704,2000,71,0.0355,0.028239876230264,0.04454106069401996,True
neutron,100000.0,20.0,2.0,7.15704,2000,73,0.0365,0.02912975228047479,0.045647350549246665,True
neutron,300.0,40.0,2.0,7.15704,2000,46,0.023,0.017287655978080053,0.030541207128235243,True
neutron,1000.0,40.0,2.0,7.15704,2000,71,0.0355,0.028239876230264,0.04454106069401996,True
neutron,3000.0,40.0,2.0,7.15704,2000,85,0.0425,0.03450117971009799,0.05225291855224844,True
neutron,10000.0,40.0,2.0,7.15704,2000,104,0.052,0.043099720209557914,0.06261795415444468,True
neutron,30000.0,40.0,2.0,7.15704,2000,121,0.0605,0.05086998931063991,0.0718150952495814,True
neutron,100000.0,40.0,2.0,7.15704,2000,96,0.048,0.03946691899074102,0.05826609175151162,True
neutron,300.0,60.0,2.0,7.15704,2000,77,0.0385,0.03091432761660475,0.047855107023991705,True
neutron,1000.0,60.0,2.0,7.15704,2000,110,0.055,0.04583478836864504,0.06587138371167006,True
neutron,3000.0,60.0,2.0,7.15704,2000,122,0.061,0.05132898110812262,0.07235418640481744,True
neutron,10000.0,60.0,2.0,7.15704,2000,135,0.0675,0.057313062415804306,0.07934518348247949,True
neutron,30000.0,60.0,2.0,7.15704,2000,150,0.075,0.0642536480572273,0.08737584213183769,True
neutron,100000.0,60.0,2.0,7.15704,2000,147,0.0735,0.06286270425155069,0.08577253707935806,True
neutron,300.0,70.0,2.0,7.15704,2000,126,0.063,0.053166899529154835,0.07450859979466022,True
neutron,1000.0,70.0,2.0,7.15704,2000,154,0.077,0.06611031084545657,0.08951151115448341,True
neutron,3000.0,70.0,2.0,7.15704,2000,198,0.099,0.08666951249362448,0.11286795942594038,True
neutron,10000.0,70.0,2.0,7.15704,2000,214,0.107,0.09419820147525404,0.12130859768781074,True
neutron,30000.0,70.0,2.0,7.15704,2000,222,0.111,0.09797153726075743,0.12551992552405733,True
neutron,100000.0,70.0,2.0,7.15704,2000,170,0.085,0.07355910081272696,0.09803204843071298,True
pi+,300.0,0.0,0.25,0.89463,2000,1998,0.999,0.9963610657309615,0.9997257210823479,True
pi+,1000.0,0.0,0.25,0.89463,2000,2000,1.0,0.9980829527187469,0.9999999999999998,True
pi+,3000.0,0.0,0.25,0.89463,2000,2000,1.0,0.9980829527187469,0.9999999999999998,True
pi+,10000.0,0.0,0.25,0.89463,2000,2000,1.0,0.9980829527187469,0.9999999999999998,True
pi+,30000.0,0.0,0.25,0.89463,2000,2000,1.0,0.9980829527187469,0.9999999999999998,True
pi+,100000.0,0.0,0.25,0.89463,2000,2000,1.0,0.9980829527187469,0.9999999999999998,True
pi+,300.0,20.0,0.25,0.89463,2000,2000,1.0,0.9980829527187469,0.9999999999999998,True
pi+,1000.0,20.0,0.25,0.89463,2000,2000,1.0,0.9980829527187469,0.9999999999999998,True
pi+,3000.0,20.0,0.25,0.89463,2000,2000,1.0,0.9980829527187469,0.9999999999999998,True
pi+,10000.0,20.0,0.25,0.89463,2000,2000,1.0,0.9980829527187469,0.9999999999999998,True
pi+,30000.0,20.0,0.25,0.89463,2000,2000,1.0,0.9980829527187469,0.9999999999999998,True
pi+,100000.0,20.0,0.25,0.89463,2000,2000,1.0,0.9980829527187469,0.9999999999999998,True
pi+,300.0,40.0,0.25,0.89463,2000,2000,1.0,0.9980829527187469,0.9999999999999998,True
pi+,1000.0,40.0,0.25,0.89463,2000,1998,0.999,0.9963610657309615,0.9997257210823479,True
pi+,3000.0,40.0,0.25,0.89463,2000,2000,1.0,0.9980829527187469,0.9999999999999998,True
pi+,10000.0,40.0,0.25,0.89463,2000,2000,1.0,0.9980829527187469,0.9999999999999998,True
pi+,30000.0,40.0,0.25,0.89463,2000,2000,1.0,0.9980829527187469,0.9999999999999998,True
pi+,100000.0,40.0,0.25,0.89463,2000,2000,1.0,0.9980829527187469,0.9999999999999998,True
pi+,300.0,60.0,0.25,0.89463,2000,1993,0.9965,0.9927928037467583,0.9983035683029576,True
pi+,1000.0,60.0,0.25,0.89463,2000,1998,0.999,0.9963610657309615,0.9997257210823479,True
pi+,3000.0,60.0,0.25,0.89463,2000,2000,1.0,0.9980829527187469,0.9999999999999998,True
pi+,10000.0,60.0,0.25,0.89463,2000,1999,0.9995,0.9971731374967338,0.9999117322692944,True
pi+,30000.0,60.0,0.25,0.89463,2000,2000,1.0,0.9980829527187469,0.9999999999999998,True
pi+,100000.0,60.0,0.25,0.89463,2000,2000,1.0,0.9980829527187469,0.9999999999999998,True
pi+,300.0,70.0,0.25,0.89463,2000,1985,0.9925,0.9876620858637751,0.9954496225641908,True
pi+,1000.0,70.0,0.25,0.89463,2000,1995,0.9975,0.9941608466835673,0.9989316912715861,True
pi+,3000.0,70.0,0.25,0.89463,2000,1998,0.999,0.9963610657309615,0.9997257210823479,True
pi+,10000.0,70.0,0.25,0.89463,2000,2000,1.0,0.9980829527187469,0.9999999999999998,True
pi+,30000.0,70.0,0.25,0.89463,2000,2000,1.0,0.9980829527187469,0.9999999999999998,True
pi+,100000.0,70.0,0.25,0.89463,2000,2000,1.0,0.9980829527187469,0.9999999999999998,True
pi+,300.0,0.0,0.5,1.78926,2000,1996,0.998,0.994868648214923,0.9992219726929489,True
pi+,1000.0,0.0,0.5,1.78926,2000,2000,1.0,0.9980829527187469,0.9999999999999998,True
pi+,3000.0,0.0,0.5,1.78926,2000,2000,1.0,0.9980829527187469,0.9999999999999998,True
pi+,10000.0,0.0,0.5,1.78926,2000,2000,1.0,0.9980829527187469,0.9999999999999998,True
pi+,30000.0,0.0,0.5,1.78926,2000,2000,1.0,0.9980829527187469,0.9999999999999998,True
pi+,100000.0,0.0,0.5,1.78926,2000,2000,1.0,0.9980829527187469,0.9999999999999998,True
pi+,300.0,20.0,0.5,1.78926,2000,2000,1.0,0.9980829527187469,0.9999999999999998,True
pi+,1000.0,20.0,0.5,1.78926,2000,2000,1.0,0.9980829527187469,0.9999999999999998,True
pi+,3000.0,20.0,0.5,1.78926,2000,1999,0.9995,0.9971731374967338,0.9999117322692944,True
pi+,10000.0,20.0,0.5,1.78926,2000,2000,1.0,0.9980829527187469,0.9999999999999998,True
pi+,30000.0,20.0,0.5,1.78926,2000,2000,1.0,0.9980829527187469,0.9999999999999998,True
pi+,100000.0,20.0,0.5,1.78926,2000,1998,0.999,0.9963610657309615,0.9997257210823479,True
pi+,300.0,40.0,0.5,1.78926,2000,1999,0.9995,0.9971731374967338,0.9999117322692944,True
pi+,1000.0,40.0,0.5,1.78926,2000,1998,0.999,0.9963610657309615,0.9997257210823479,True
pi+,3000.0,40.0,0.5,1.78926,2000,2000,1.0,0.9980829527187469,0.9999999999999998,True
pi+,10000.0,40.0,0.5,1.78926,2000,2000,1.0,0.9980829527187469,0.9999999999999998,True
pi+,30000.0,40.0,0.5,1.78926,2000,2000,1.0,0.9980829527187469,0.9999999999999998,True
pi+,100000.0,40.0,0.5,1.78926,2000,2000,1.0,0.9980829527187469,0.9999999999999998,True
pi+,300.0,60.0,0.5,1.78926,2000,1992,0.996,0.9921265357039621,0.9979717533930348,True
pi+,1000.0,60.0,0.5,1.78926,2000,1998,0.999,0.9963610657309615,0.9997257210823479,True
pi+,3000.0,60.0,0.5,1.78926,2000,2000,1.0,0.9980829527187469,0.9999999999999998,True
pi+,10000.0,60.0,0.5,1.78926,2000,1999,0.9995,0.9971731374967338,0.9999117322692944,True
pi+,30000.0,60.0,0.5,1.78926,2000,2000,1.0,0.9980829527187469,0.9999999999999998,True
pi+,100000.0,60.0,0.5,1.78926,2000,2000,1.0,0.9980829527187469,0.9999999999999998,True
pi+,300.0,70.0,0.5,1.78926,2000,1981,0.9905,0.9852096168457007,0.9939097597713902,True
pi+,1000.0,70.0,0.5,1.78926,2000,1994,0.997,0.9934700849260646,0.9986243700763698,True
pi+,3000.0,70.0,0.5,1.78926,2000,1998,0.999,0.9963610657309615,0.9997257210823479,True
pi+,10000.0,70.0,0.5,1.78926,2000,2000,1.0,0.9980829527187469,0.9999999999999998,True
pi+,30000.0,70.0,0.5,1.78926,2000,2000,1.0,0.9980829527187469,0.9999999999999998,True
pi+,100000.0,70.0,0.5,1.78926,2000,2000,1.0,0.9980829527187469,0.9999999999999998,True
pi+,300.0,0.0,1.0,3.57852,2000,1447,0.7235,0.7034836719198216,0.7426594079454583,True
pi+,1000.0,0.0,1.0,3.57852,2000,1107,0.5535,0.5316308288936498,0.5751640470472561,True
pi+,3000.0,0.0,1.0,3.57852,2000,1230,0.615,0.5934732617830178,0.6360858173422939,True
pi+,10000.0,0.0,1.0,3.57852,2000,1230,0.615,0.5934732617830178,0.6360858173422939,True
pi+,30000.0,0.0,1.0,3.57852,2000,1262,0.631,0.6096200608815253,0.6518776727307863,True
pi+,100000.0,0.0,1.0,3.57852,2000,1268,0.634,0.6126503370684756,0.6548358942601485,True
pi+,300.0,20.0,1.0,3.57852,2000,1809,0.9045,0.890832875631817,0.9166162331176492,True
pi+,1000.0,20.0,1.0,3.57852,2000,1537,0.7685,0.7495103570396379,0.7864601885703292,True
pi+,3000.0,20.0,1.0,3.57852,2000,1599,0.7995,0.7813864072147222,0.8164652814638073,True
pi+,10000.0,20.0,1.0,3.57852,2000,1655,0.8275,0.810317992553644,0.8434263414771354,True
pi+,30000.0,20.0,1.0,3.57852,2000,1667,0.8335,0.8165372993335623,0.849184030129842,True
pi+,100000.0,20.0,1.0,3.57852,2000,1655,0.8275,0.810317992553644,0.8434263414771354,True
pi+,300.0,40.0,1.0,3.57852,2000,1974,0.987,0.9810196914827969,0.9911131044652626,True
pi+,1000.0,40.0,1.0,3.57852,2000,1976,0.988,0.9822061161295197,0.9919228457239773,True
pi+,3000.0,40.0,1.0,3.57852,2000,1974,0.987,0.9810196914827969,0.9911131044652626,True
pi+,10000.0,40.0,1.0,3.57852,2000,1974,0.987,0.9810196914827969,0.9911131044652626,True
pi+,30000.0,40.0,1.0,3.57852,2000,1977,0.9885,0.9828022720924287,0.9923247727137873,True
pi+,100000.0,40.0,1.0,3.57852,2000,1972,0.986,0.9798404131888422,0.9902962168537798,True
pi+,300.0,60.0,1.0,3.57852,2000,1987,0.9935,0.9889104708274775,0.9961974035059259,True
pi+,1000.0,60.0,1.0,3.57852,2000,1991,0.9955,0.9914694867812403,0.9976307193630382,True
pi+,3000.0,60.0,1.0,3.57852,2000,1996,0.998,0.994868648214923,0.9992219726929489,True
pi+,10000.0,60.0,1.0,3.57852,2000,1997,0.9985,0.9955989674442294,0.9994897364163615,True
pi+,30000.0,60.0,1.0,3.57852,2000,1996,0.998,0.994868648214923,0.9992219726929489,True
pi+,100000.0,60.0,1.0,3.57852,2000,1998,0.999,0.9963610657309615,0.9997257210823479,True
pi+,300.0,70.0,1.0,3.57852,2000,1980,0.99,0.9846040615409247,0.9935172321234472,True
pi+,1000.0,70.0,1.0,3.57852,2000,1991,0.9955,0.9914694867812403,0.9976307193630382,True
pi+,3000.0,70.0,1.0,3.57852,2000,1998,0.999,0.9963610657309615,0.9997257210823479,True
pi+,10000.0,70.0,1.0,3.57852,2000,2000,1.0,0.9980829527187469,0.9999999999999998,True
pi+,30000.0,70.0,1.0,3.57852,2000,2000,1.0,0.9980829527187469,0.9999999999999998,True
pi+,100000.0,70.0,1.0,3.57852,2000,2000,1.0,0.9980829527187469,0.9999999999999998,True
pi+,300.0,0.0,2.0,7.15704,2000,111,0.0555,0.04629144858684901,0.06641280644618483,True
pi+,1000.0,0.0,2.0,7.15704,2000,111,0.0555,0.04629144858684901,0.06641280644618483,True
pi+,3000.0,0.0,2.0,7.15704,2000,105,0.0525,0.04355496702511128,0.06316079029161008,True
pi+,10000.0,0.0,2.0,7.15704,2000,124,0.062,0.05224755446133823,0.07343177895703933,True
pi+,30000.0,0.0,2.0,7.15704,2000,113,0.0565,0.04720544161779262,0.06749497932067872,True
pi+,100000.0,0.0,2.0,7.15704,2000,110,0.055,0.04583478836864504,0.06587138371167006,True
pi+,300.0,20.0,2.0,7.15704,2000,123,0.0615,0.05178817023412858,0.07289308023153022,True
pi+,1000.0,20.0,2.0,7.15704,2000,127,0.0635,0.053626856130583093,0.0750467261459507,True
pi+,3000.0,20.0,2.0,7.15704,2000,147,0.0735,0.06286270425155069,0.08577253707935806,True
pi+,10000.0,20.0,2.0,7.15704,2000,138,0.069,0.05869826979779586,0.08095422495864418,True
pi+,30000.0,20.0,2.0,7.15704,2000,139,0.0695,0.059160340573897574,0.08149023713526121,True
pi+,100000.0,20.0,2.0,7.15704,2000,148,0.074,0.06332620153509969,0.08630712274852781,True
pi+,300.0,40.0,2.0,7.15704,2000,206,0.103,0.09043075871520886,0.11709137682610593,True
pi+,1000.0,40.0,2.0,7.15704,2000,228,0.114,0.10080523897679412,0.12867472152433315,True
pi+,3000.0,40.0,2.0,7.15704,2000,233,0.1165,0.10316899183684573,0.13130138342787528,True
pi+,10000.0,40.0,2.0,7.15704,2000,249,0.1245,0.11074657034676971,0.13969313216145118,True
pi+,30000.0,40.0,2.0,7.15704,2000,254,0.127,0.11311861187744655,0.14231150539436807,True
pi+,100000.0,40.0,2.0,7.15704,2000,236,0.118,0.10458823578198477,0.13287638834089244,True
pi+,300.0,60.0,2.0,7.15704,2000,1585,0.7925,0.7741752306515731,0.8097032966888938,True
pi+,1000.0,60.0,2.0,7.15704,2000,1256,0.628,0.6065906596696286,0.6489185762263706,True
pi+,3000.0,60.0,2.0,7.15704,2000,1332,0.666,0.6450289994977745,0.6863345408048496,True
pi+,10000.0,60.0,2.0,7.15704,2000,1402,0.701,0.6805657416142541,0.7206636053786821,True
pi+,30000.0,60.0,2.0,7.15704,2000,1445,0.7225,0.7024638180925351,0.7416830958673073,True
pi+,100000.0,60.0,2.0,7.15704,2000,1438,0.719,0.6988952847381477,0.7382650485526635,True
pi+,300.0,70.0,2.0,7.15704,2000,1930,0.965,0.9560127151847282,0.9722044308437063,True
pi+,1000.0,70.0,2.0,7.15704,2000,1932,0.966,0.9571215720934327,0.9730917398404393,True
pi+,3000.0,70.0,2.0,7.15704,2000,1950,0.975,0.9671932285868021,0.9809855764960074,True
pi+,10000.0,70.0,2.0,7.15704,2000,1954,0.977,0.9694587928717646,0.9827123440219199,True
pi+,30000.0,70.0,2.0,7.15704,2000,1959,0.9795,0.9723087105210271,0.9848528411362514,True
pi+,100000.0,70.0,2.0,7.15704,2000,1954,0.977,0.9694587928717646,0.9827123440219199,True
proton,300.0,0.0,0.25,0.89463,2000,1998,0.999,0.9963610657309615,0.9997257210823479,True
proton,1000.0,0.0,0.25,0.89463,2000,1998,0.999,0.9963610657309615,0.9997257210823479,True
proton,3000.0,0.0,0.25,0.89463,2000,2000,1.0,0.9980829527187469,0.9999999999999998,True
proton,10000.0,0.0,0.25,0.89463,2000,2000,1.0,0.9980829527187469,0.9999999999999998,True
proton,30000.0,0.0,0.25,0.89463,2000,2000,1.0,0.9980829527187469,0.9999999999999998,True
proton,100000.0,0.0,0.25,0.89463,2000,2000,1.0,0.9980829527187469,0.9999999999999998,True
proton,300.0,20.0,0.25,0.89463,2000,1998,0.999,0.9963610657309615,0.9997257210823479,True
proton,1000.0,20.0,0.25,0.89463,2000,2000,1.0,0.9980829527187469,0.9999999999999998,True
proton,3000.0,20.0,0.25,0.89463,2000,2000,1.0,0.9980829527187469,0.9999999999999998,True
proton,10000.0,20.0,0.25,0.89463,2000,2000,1.0,0.9980829527187469,0.9999999999999998,True
proton,30000.0,20.0,0.25,0.89463,2000,2000,1.0,0.9980829527187469,0.9999999999999998,True
proton,100000.0,20.0,0.25,0.89463,2000,2000,1.0,0.9980829527187469,0.9999999999999998,True
proton,300.0,40.0,0.25,0.89463,2000,1999,0.9995,0.9971731374967338,0.9999117322692944,True
proton,1000.0,40.0,0.25,0.89463,2000,1998,0.999,0.9963610657309615,0.9997257210823479,True
proton,3000.0,40.0,0.25,0.89463,2000,2000,1.0,0.9980829527187469,0.9999999999999998,True
proton,10000.0,40.0,0.25,0.89463,2000,2000,1.0,0.9980829527187469,0.9999999999999998,True
proton,30000.0,40.0,0.25,0.89463,2000,2000,1.0,0.9980829527187469,0.9999999999999998,True
proton,100000.0,40.0,0.25,0.89463,2000,2000,1.0,0.9980829527187469,0.9999999999999998,True
proton,300.0,60.0,0.25,0.89463,2000,1999,0.9995,0.9971731374967338,0.9999117322692944,True
proton,1000.0,60.0,0.25,0.89463,2000,1998,0.999,0.9963610657309615,0.9997257210823479,True
proton,3000.0,60.0,0.25,0.89463,2000,1999,0.9995,0.9971731374967338,0.9999117322692944,True
proton,10000.0,60.0,0.25,0.89463,2000,2000,1.0,0.9980829527187469,0.9999999999999998,True
proton,30000.0,60.0,0.25,0.89463,2000,2000,1.0,0.9980829527187469,0.9999999999999998,True
proton,100000.0,60.0,0.25,0.89463,2000,2000,1.0,0.9980829527187469,0.9999999999999998,True
proton,300.0,70.0,0.25,0.89463,2000,1989,0.9945,0.9901779372483848,0.9969261029904561,True
proton,1000.0,70.0,0.25,0.89463,2000,1998,0.999,0.9963610657309615,0.9997257210823479,True
proton,3000.0,70.0,0.25,0.89463,2000,1998,0.999,0.9963610657309615,0.9997257210823479,True
proton,10000.0,70.0,0.25,0.89463,2000,1999,0.9995,0.9971731374967338,0.9999117322692944,True
proton,30000.0,70.0,0.25,0.89463,2000,2000,1.0,0.9980829527187469,0.9999999999999998,True
proton,100000.0,70.0,0.25,0.89463,2000,2000,1.0,0.9980829527187469,0.9999999999999998,True
proton,300.0,0.0,0.5,1.78926,2000,1998,0.999,0.9963610657309615,0.9997257210823479,True
proton,1000.0,0.0,0.5,1.78926,2000,1998,0.999,0.9963610657309615,0.9997257210823479,True
proton,3000.0,0.0,0.5,1.78926,2000,2000,1.0,0.9980829527187469,0.9999999999999998,True
proton,10000.0,0.0,0.5,1.78926,2000,2000,1.0,0.9980829527187469,0.9999999999999998,True
proton,30000.0,0.0,0.5,1.78926,2000,2000,1.0,0.9980829527187469,0.9999999999999998,True
proton,100000.0,0.0,0.5,1.78926,2000,2000,1.0,0.9980829527187469,0.9999999999999998,True
proton,300.0,20.0,0.5,1.78926,2000,1997,0.9985,0.9955989674442294,0.9994897364163615,True
proton,1000.0,20.0,0.5,1.78926,2000,1999,0.9995,0.9971731374967338,0.9999117322692944,True
proton,3000.0,20.0,0.5,1.78926,2000,2000,1.0,0.9980829527187469,0.9999999999999998,True
proton,10000.0,20.0,0.5,1.78926,2000,1999,0.9995,0.9971731374967338,0.9999117322692944,True
proton,30000.0,20.0,0.5,1.78926,2000,2000,1.0,0.9980829527187469,0.9999999999999998,True
proton,100000.0,20.0,0.5,1.78926,2000,2000,1.0,0.9980829527187469,0.9999999999999998,True
proton,300.0,40.0,0.5,1.78926,2000,1999,0.9995,0.9971731374967338,0.9999117322692944,True
proton,1000.0,40.0,0.5,1.78926,2000,1998,0.999,0.9963610657309615,0.9997257210823479,True
proton,3000.0,40.0,0.5,1.78926,2000,2000,1.0,0.9980829527187469,0.9999999999999998,True
proton,10000.0,40.0,0.5,1.78926,2000,2000,1.0,0.9980829527187469,0.9999999999999998,True
proton,30000.0,40.0,0.5,1.78926,2000,2000,1.0,0.9980829527187469,0.9999999999999998,True
proton,100000.0,40.0,0.5,1.78926,2000,2000,1.0,0.9980829527187469,0.9999999999999998,True
proton,300.0,60.0,0.5,1.78926,2000,1999,0.9995,0.9971731374967338,0.9999117322692944,True
proton,1000.0,60.0,0.5,1.78926,2000,1998,0.999,0.9963610657309615,0.9997257210823479,True
proton,3000.0,60.0,0.5,1.78926,2000,1999,0.9995,0.9971731374967338,0.9999117322692944,True
proton,10000.0,60.0,0.5,1.78926,2000,2000,1.0,0.9980829527187469,0.9999999999999998,True
proton,30000.0,60.0,0.5,1.78926,2000,2000,1.0,0.9980829527187469,0.9999999999999998,True
proton,100000.0,60.0,0.5,1.78926,2000,2000,1.0,0.9980829527187469,0.9999999999999998,True
proton,300.0,70.0,0.5,1.78926,2000,1988,0.994,0.9895415516630582,0.9965644056230637,True
proton,1000.0,70.0,0.5,1.78926,2000,1998,0.999,0.9963610657309615,0.9997257210823479,True
proton,3000.0,70.0,0.5,1.78926,2000,1998,0.999,0.9963610657309615,0.9997257210823479,True
proton,10000.0,70.0,0.5,1.78926,2000,1999,0.9995,0.9971731374967338,0.9999117322692944,True
proton,30000.0,70.0,0.5,1.78926,2000,2000,1.0,0.9980829527187469,0.9999999999999998,True
proton,100000.0,70.0,0.5,1.78926,2000,2000,1.0,0.9980829527187469,0.9999999999999998,True
proton,300.0,0.0,1.0,3.57852,2000,1998,0.999,0.9963610657309615,0.9997257210823479,True
proton,1000.0,0.0,1.0,3.57852,2000,1995,0.9975,0.9941608466835673,0.9989316912715861,True
proton,3000.0,0.0,1.0,3.57852,2000,1206,0.603,0.5813791257630427,0.624225962497019,True
proton,10000.0,0.0,1.0,3.57852,2000,1154,0.577,0.5552209880408906,0.5984837866777964,True
proton,30000.0,0.0,1.0,3.57852,2000,1255,0.6275,0.6060858442270278,0.6484253087162526,True
proton,100000.0,0.0,1.0,3.57852,2000,1259,0.6295,0.6081052511789583,0.6503982335751971,True
proton,300.0,20.0,1.0,3.57852,2000,1995,0.9975,0.9941608466835673,0.9989316912715861,True
proton,1000.0,20.0,1.0,3.57852,2000,1986,0.993,0.9882841374366056,0.9958256539440788,True
proton,3000.0,20.0,1.0,3.57852,2000,1666,0.833,0.816018738283267,0.8487045082274184,True
proton,10000.0,20.0,1.0,3.57852,2000,1552,0.776,0.7572086722277687,0.7937331176729796,True
proton,30000.0,20.0,1.0,3.57852,2000,1651,0.8255,0.8082465225788182,0.8415054796410861,True
proton,100000.0,20.0,1.0,3.57852,2000,1674,0.837,0.8201687132797912,0.8525391968526441,True
proton,300.0,40.0,1.0,3.57852,2000,1999,0.9995,0.9971731374967338,0.9999117322692944,True
proton,1000.0,40.0,1.0,3.57852,2000,1983,0.9915,0.9864293102622139,0.9946862322603145,True
proton,3000.0,40.0,1.0,3.57852,2000,1966,0.983,0.9763388128481535,0.987809319478156,True
proton,10000.0,40.0,1.0,3.57852,2000,1968,0.984,0.9775005335818276,0.9886437646499193,True
proton,30000.0,40.0,1.0,3.57852,2000,1975,0.9875,0.9816119602893495,0.9915189186114289,True
proton,100000.0,40.0,1.0,3.57852,2000,1972,0.986,0.9798404131888422,0.9902962168537798,True
proton,300.0,60.0,1.0,3.57852,2000,1998,0.999,0.9963610657309615,0.9997257210823479,True
proton,1000.0,60.0,1.0,3.57852,2000,1998,0.999,0.9963610657309615,0.9997257210823479,True
proton,3000.0,60.0,1.0,3.57852,2000,1996,0.998,0.994868648214923,0.9992219726929489,True
proton,10000.0,60.0,1.0,3.57852,2000,1990,0.995,0.990820304050058,0.9972818191415014,True
proton,30000.0,60.0,1.0,3.57852,2000,1999,0.9995,0.9971731374967338,0.9999117322692944,True
proton,100000.0,60.0,1.0,3.57852,2000,1991,0.9955,0.9914694867812403,0.9976307193630382,True
proton,300.0,70.0,1.0,3.57852,2000,1987,0.9935,0.9889104708274775,0.9961974035059259,True
proton,1000.0,70.0,1.0,3.57852,2000,1997,0.9985,0.9955989674442294,0.9994897364163615,True
proton,3000.0,70.0,1.0,3.57852,2000,1998,0.999,0.9963610657309615,0.9997257210823479,True
proton,10000.0,70.0,1.0,3.57852,2000,1999,0.9995,0.9971731374967338,0.9999117322692944,True
proton,30000.0,70.0,1.0,3.57852,2000,2000,1.0,0.9980829527187469,0.9999999999999998,True
proton,100000.0,70.0,1.0,3.57852,2000,2000,1.0,0.9980829527187469,0.9999999999999998,True
proton,300.0,0.0,2.0,7.15704,2000,1123,0.5615,0.5396559659885509,0.5831082371958549,True
proton,1000.0,0.0,2.0,7.15704,2000,73,0.0365,0.02912975228047479,0.045647350549246665,True
proton,3000.0,0.0,2.0,7.15704,2000,117,0.0585,0.049036041566208714,0.06965671118313761,True
proton,10000.0,0.0,2.0,7.15704,2000,133,0.0665,0.05639044543582205,0.07827163455702424,True
proton,30000.0,0.0,2.0,7.15704,2000,131,0.0655,0.05546852874487852,0.07719738534253028,True
proton,100000.0,0.0,2.0,7.15704,2000,131,0.0655,0.05546852874487852,0.07719738534253028,True
proton,300.0,20.0,2.0,7.15704,2000,1782,0.891,0.876585019651883,0.9039158493741772,True
proton,1000.0,20.0,2.0,7.15704,2000,84,0.042,0.0340516147420547,0.05170440056757297,True
proton,3000.0,20.0,2.0,7.15704,2000,136,0.068,0.05777462902670909,0.07988169982429345,True
proton,10000.0,20.0,2.0,7.15704,2000,160,0.08,0.06889957451773436,0.09271074519851809,True
proton,30000.0,20.0,2.0,7.15704,2000,149,0.0745,0.06378984993294572,0.08684155730340053,True
proton,100000.0,20.0,2.0,7.15704,2000,157,0.0785,0.06750431532799306,0.09111175553010317,True
proton,300.0,40.0,2.0,7.15704,2000,1979,0.9895,0.9840010980925269,0.9931221126191265,True
proton,1000.0,40.0,2.0,7.15704,2000,204,0.102,0.08948985374022951,0.11603611589564782,True
proton,3000.0,40.0,2.0,7.15704,2000,209,0.1045,0.09184284051856186,0.11867354388090919,True
proton,10000.0,40.0,2.0,7.15704,2000,265,0.1325,0.11834352753837758,0.14806550221334328,True
proton,30000.0,40.0,2.0,7.15704,2000,277,0.1385,0.12405306428659316,0.1543329608977527,True
proton,100000.0,40.0,2.0,7.15704,2000,260,0.13,0.1159674906239881,0.14545112436413904,True
proton,300.0,60.0,2.0,7.15704,2000,1995,0.9975,0.9941608466835673,0.9989316912715861,True
proton,1000.0,60.0,2.0,7.15704,2000,1917,0.9585,0.9488444508284481,0.9663976168146429,True
proton,3000.0,60.0,2.0,7.15704,2000,1379,0.6895,0.6688746331255686,0.7093988059548364,True
proton,10000.0,60.0,2.0,7.15704,2000,1319,0.6595,0.6384436851122536,0.6799447768050267,True
proton,30000.0,60.0,2.0,7.15704,2000,1403,0.7015,0.6810743885505098,0.7211530413951451,True
proton,100000.0,60.0,2.0,7.15704,2000,1433,0.7165,0.696347234985025,0.7358226835421924,True
proton,300.0,70.0,2.0,7.15704,2000,1984,0.992,0.9870439223284629,0.995069703146784,True
proton,1000.0,70.0,2.0,7.15704,2000,1973,0.9865,0.9804292069930002,0.9907055060023408,True
proton,3000.0,70.0,2.0,7.15704,2000,1948,0.974,0.9660647268553368,0.9801179123220352,True
proton,10000.0,70.0,2.0,7.15704,2000,1940,0.97,0.9615758302685604,0.9766221452870616,True
proton,30000.0,70.0,2.0,7.15704,2000,1932,0.966,0.9571215720934327,0.9730917398404393,True
proton,100000.0,70.0,2.0,7.15704,2000,1948,0.974,0.9660647268553368,0.9801179123220352,True
