particle,kinetic_energy_mev,angle_deg,events,include_steel,geant4_version_number,nonzero_probability,mean_deposit_mev,std_deposit_mev,q0_deposit_mev,q0.1_deposit_mev,q0.25_deposit_mev,q0.5_deposit_mev,q0.75_deposit_mev,q0.9_deposit_mev,q0.99_deposit_mev,q1_deposit_mev,p_ge_0.25mip,p_ge_0.5mip,p_ge_1mip,p_ge_2mip
e+,0.5,0.0,3000,True,1141,0.17466666666666666,0.03388646785375089,0.09018856183308063,0.0,0.0,0.0,0.0,0.0,0.15302742324331745,0.37512068774803753,0.6984722870249007,0.0,0.0,0.0,0.0
e+,0.5,20.0,3000,True,1141,0.18766666666666668,0.03761041221993841,0.09490667542332831,0.0,0.0,0.0,0.0,0.0,0.1858366034490637,0.382658973510585,0.8051139752289702,0.0,0.0,0.0,0.0
e+,0.5,40.0,3000,True,1141,0.12966666666666668,0.024604475081273808,0.07686341525813942,0.0,0.0,0.0,0.0,0.0,0.07500731377828729,0.34164700565080175,0.6307586693956225,0.0,0.0,0.0,0.0
e+,0.5,60.0,3000,True,1141,0.07933333333333334,0.015703540449064298,0.06294010333617492,0.0,0.0,0.0,0.0,0.0,0.0,0.33685348087182965,0.5082262149769414,0.0,0.0,0.0,0.0
e+,0.5,70.0,3000,True,1141,0.038,0.00802573872271327,0.04640482652406911,0.0,0.0,0.0,0.0,0.0,0.0,0.29494388603758426,0.43636872258750947,0.0,0.0,0.0,0.0
e+,1.0,0.0,3000,True,1141,0.24966666666666668,0.05029820696495623,0.11560908725892362,0.0,0.0,0.0,0.0,0.0,0.2465188439712947,0.4094645239791024,1.3544483856344325,0.0016666666666666668,0.0,0.0,0.0
e+,1.0,20.0,3000,True,1141,0.23,0.04693986256789875,0.10937951422627204,0.0,0.0,0.0,0.0,0.0,0.2309714415582148,0.3961570022869038,1.4142082112232193,0.0006666666666666666,0.0,0.0,0.0
e+,1.0,40.0,3000,True,1141,0.189,0.036764012705412304,0.09673121743618779,0.0,0.0,0.0,0.0,0.0,0.1629629335289477,0.4002335846987838,1.1662363209345412,0.0003333333333333333,0.0,0.0,0.0
e+,1.0,60.0,3000,True,1141,0.10566666666666667,0.02005163521326807,0.07120223829868287,0.0,0.0,0.0,0.0,0.0,0.013983327636163397,0.3489868182061783,0.6530646055148813,0.0,0.0,0.0,0.0
e+,1.0,70.0,3000,True,1141,0.057666666666666665,0.011972300346180508,0.05925362653948165,0.0,0.0,0.0,0.0,0.0,0.0,0.3269853088428938,1.1091363993855992,0.0003333333333333333,0.0,0.0,0.0
e+,3.0,0.0,3000,True,1141,0.6223333333333333,0.7116687338516086,0.7855403492022546,0.0,0.0,0.0,0.2925444645607347,1.5204542966025503,1.8850712634380664,2.2613989844005182,2.711994104209908,0.39066666666666666,0.14366666666666666,0.0,0.0
e+,3.0,20.0,3000,True,1141,0.6053333333333333,0.6928138569664832,0.7802226097810728,0.0,0.0,0.0,0.26274770104704626,1.467120609319363,1.8638127009357564,2.2612241931638914,2.6431200399130494,0.3893333333333333,0.136,0.0,0.0
e+,3.0,40.0,3000,True,1141,0.49766666666666665,0.4973530478146598,0.7017230835195509,0.0,0.0,0.0,0.0,1.0496958461447339,1.7211008823440705,2.1538635540603313,2.6920723104673394,0.276,0.07933333333333334,0.0,0.0
e+,3.0,60.0,3000,True,1141,0.3383333333333333,0.2683008425010631,0.5307894101696131,0.0,0.0,0.0,0.0,0.21777306728732393,1.2642007787706273,1.976276653053808,2.524503854145294,0.144,0.025333333333333333,0.0,0.0
e+,3.0,70.0,3000,True,1141,0.20066666666666666,0.1478095501663711,0.40693621217009873,0.0,0.0,0.0,0.0,0.0,0.5622288566205466,1.8600974472145249,3.2022773085699314,0.07833333333333334,0.012666666666666666,0.0,0.0
e+,10.0,0.0,3000,True,1141,0.971,4.771302975112882,1.9168738132564422,0.0,3.2944342657794463,3.703573671500875,4.323579042708289,5.916338674065995,7.647708122951501,9.085384322541138,9.678118674404667,0.9586666666666667,0.946,0.8106666666666666,0.13366666666666666
e+,10.0,20.0,3000,True,1141,0.9666666666666667,4.973735128104505,2.042206793291864,0.0,3.2669716622890235,3.8247256973766635,4.59089797718296,6.2641333576304605,8.064855771145151,9.041270816292176,9.485647247335868,0.9523333333333334,0.9373333333333334,0.8353333333333334,0.17033333333333334
e+,10.0,40.0,3000,True,1141,0.9503333333333334,5.363583136991141,2.316512770018041,0.0,2.0594091753813966,4.074550794485597,5.421125479626532,7.281925239881241,8.314536191230124,8.891123718381925,9.372412549455758,0.9286666666666666,0.9086666666666666,0.8346666666666667,0.2643333333333333
e+,10.0,60.0,3000,True,1141,0.8186666666666667,4.146657834514308,2.82130822465413,0.0,0.0,1.2015602986512324,4.6249501082632065,6.570879629581216,7.649687847131575,8.414459258956862,9.020020802061936,0.7596666666666667,0.7263333333333334,0.633,0.17
e+,10.0,70.0,3000,True,1141,0.638,2.9484196424356934,2.9130778191384135,0.0,0.0,0.0,2.668284232384864,5.666432998818697,7.050495346685394,8.391931303135895,9.218519238399,0.5663333333333334,0.5356666666666666,0.447,0.09066666666666667
e+,30.0,0.0,3000,True,1141,0.99,4.074326757066411,1.4926423689219896,0.0,3.266813288644952,3.458439276818904,3.7507319384769424,4.306970871383874,5.319371749486459,9.18990325764742,28.812818477520274,0.9823333333333333,0.9783333333333334,0.6423333333333333,0.03333333333333333
e+,30.0,20.0,3000,True,1141,0.9923333333333333,4.335119727133769,1.377671505851412,0.0,3.4487638266302154,3.6907381607321708,4.026938635804526,4.6162957681463315,5.7101733554197205,9.213819024319822,18.1596548260993,0.9886666666666667,0.9826666666666667,0.8316666666666667,0.038
e+,30.0,40.0,3000,True,1141,0.99,5.503331102604724,2.1921457867210594,0.0,4.016189779086954,4.442368271249939,5.056204905471731,6.008846185110295,7.599991911864049,14.207796168989638,26.865589202957235,0.9843333333333333,0.9793333333333333,0.9553333333333334,0.12966666666666668
e+,30.0,60.0,3000,True,1141,0.9666666666666667,8.873623930336011,5.118814223044764,0.0,4.547244987955329,5.971969165204975,7.570351087870825,10.532142762162602,16.004606578334233,25.42431842008605,27.84823749198352,0.9576666666666667,0.9486666666666667,0.926,0.5566666666666666
e+,30.0,70.0,3000,True,1141,0.9263333333333333,10.083070735654996,6.3995219352374,0.0,0.7422824890759112,6.084873930117283,9.107480185252331,13.984436571429377,19.333646228042305,25.95730713153197,28.135760095823656,0.8973333333333333,0.8853333333333333,0.8513333333333334,0.6596666666666666
e+,100.0,0.0,3000,True,1141,0.9973333333333333,4.117369173723444,1.3103739250590343,0.0,3.2654010084483334,3.437072782103595,3.731239643552274,4.299471344363699,5.436616990869596,9.448383539166331,17.39381875855293,0.9953333333333333,0.9933333333333333,0.6176666666666667,0.03933333333333333
e+,100.0,20.0,3000,True,1141,0.997,4.306468373237793,1.2151710154262616,0.0,3.463297005876955,3.6480682139624268,3.9728513198096262,4.533662060257546,5.634062976382188,8.959760785027731,13.733906256025184,0.995,0.992,0.8113333333333334,0.03966666666666667
e+,100.0,40.0,3000,True,1141,0.9966666666666667,5.399630198449056,1.778401131134617,0.0,4.260573199452741,4.516916420697284,4.9188975863341895,5.728968867376318,7.240503406127371,12.627494145310706,24.10777239039959,0.9953333333333333,0.9923333333333333,0.972,0.105
e+,100.0,60.0,3000,True,1141,0.995,8.603941891561718,3.7270959655464826,0.0,6.263641850484491,6.9489996587968985,7.820156073989274,9.322916477052726,11.858632242794625,21.582497664582515,85.85489260687835,0.9936666666666667,0.9903333333333333,0.9803333333333333,0.6913333333333334
e+,100.0,70.0,3000,True,1141,0.989,13.086500273917709,6.605754042141422,0.0,7.854601307529919,9.633553409717448,11.695992352990201,14.849652517037638,19.590230902369832,40.75605793297031,69.0142848805203,0.9866666666666667,0.9843333333333333,0.975,0.927
e+,300.0,0.0,3000,True,1141,0.9996666666666667,4.138941052729307,1.2220659616615257,0.0,3.27801560369898,3.4449823035562397,3.7479224145694996,4.323728726989621,5.478985892676085,8.934571752458154,15.673474799262737,0.9993333333333333,0.999,0.6313333333333333,0.03766666666666667
e+,300.0,20.0,3000,True,1141,0.999,4.427130307950761,1.4380785499938333,0.0,3.484608671294787,3.6758622348362078,3.9855801641148627,4.637497762648423,5.870719317713546,10.220805410634298,23.215803227649502,0.998,0.9966666666666667,0.833,0.049666666666666665
e+,300.0,40.0,3000,True,1141,0.9986666666666667,5.514495576866641,1.8678411565336848,0.0,4.294699952863424,4.544963677768025,4.9484450715749695,5.795290428316314,7.432372918143168,13.41294853453274,26.637140028321006,0.9973333333333333,0.997,0.9823333333333333,0.11766666666666667
e+,300.0,60.0,3000,True,1141,0.9986666666666667,8.710142803836497,3.638129007103919,0.0,6.594167179760936,7.067859578321676,7.788838598941407,9.144815729931643,11.766445226482253,23.66981049776549,83.97866264599246,0.9983333333333333,0.998,0.994,0.7116666666666667
e+,300.0,70.0,3000,True,1141,0.997,13.434799771844894,6.004541312824904,0.0,9.395066051888742,10.474213280479974,11.90133923997158,14.23811206078835,19.25040090364547,39.370164925274665,72.74544323254811,0.995,0.9933333333333333,0.9913333333333333,0.9666666666666667
e+,1000.0,0.0,3000,True,1141,1.0,4.182766351985793,1.543220167514429,0.5276422039511544,3.262826009471757,3.434086718436613,3.736566132693072,4.353169114539028,5.48911958744237,10.239544201804192,44.76101902772026,0.9996666666666667,0.9996666666666667,0.6196666666666667,0.042666666666666665
e+,1000.0,20.0,3000,True,1141,0.9996666666666667,4.457450700396469,1.4290150488680522,0.0,3.478309156827863,3.6789282190359045,4.006068384279167,4.6396039453442635,5.974523530197435,10.432597634589023,15.660711566613584,0.9996666666666667,0.9996666666666667,0.8303333333333334,0.05533333333333333
e+,1000.0,40.0,3000,True,1141,0.9996666666666667,5.554750542686209,1.9728444457239476,0.0,4.309687777196539,4.537586950712307,4.94127039102497,5.717136910218602,7.595699349986944,13.650470427851882,25.653986300432475,0.9996666666666667,0.9993333333333333,0.9856666666666667,0.123
e+,1000.0,60.0,3000,True,1141,0.9993333333333333,8.92531257406389,3.469835430848963,0.0,6.662870090363003,7.091358826757906,7.8474688716594,9.44533757148064,12.457332971532658,23.546235364830974,38.83699368380842,0.9993333333333333,0.9993333333333333,0.998,0.722
e+,1000.0,70.0,3000,True,1141,0.9986666666666667,14.60977110721367,7.659466486332876,0.0,9.891938330265178,10.696378175414704,12.097286660437158,15.23764378454695,23.33468076780253,44.16924265477901,93.36321925871587,0.9986666666666667,0.9986666666666667,0.9973333333333333,0.9736666666666667
e+,3000.0,0.0,3000,True,1141,1.0,4.223376809529929,1.3906945437860418,2.312748771269371,3.2822053227985597,3.4402213045946177,3.7426831042692568,4.410419253767179,5.762094307649558,10.342060107675035,15.719608288120419,1.0,1.0,0.6233333333333333,0.049
e+,3000.0,20.0,3000,True,1141,1.0,4.575249534352911,1.6809060535393754,1.666464381087388,3.4796213102660154,3.671715653445073,4.017237684864195,4.77231093896762,6.358116062708784,11.738742281098968,19.022510814075247,1.0,0.999,0.8303333333333334,0.07266666666666667
e+,3000.0,40.0,3000,True,1141,0.9996666666666667,5.58531356441672,2.0279005045643284,0.0,4.299776486810895,4.5332347873104695,4.923452156460434,5.75282509061558,7.631471367201249,14.127650134497637,23.07830223778164,0.9996666666666667,0.9996666666666667,0.9856666666666667,0.12266666666666666
e+,3000.0,60.0,3000,True,1141,0.9996666666666667,9.220164045904333,4.112676100125804,0.0,6.723808929329655,7.162445891779951,7.859482917523204,9.51768848211913,13.556178132220575,26.083193068605937,52.263454732846114,0.9996666666666667,0.9996666666666667,0.9983333333333333,0.7533333333333333
e+,3000.0,70.0,3000,True,1141,1.0,14.858342195580162,8.167312988029433,0.037704999857482824,9.897585230538011,10.679289143871541,11.98415902809058,15.535911669711993,23.954821993862005,48.84841162496382,95.04667361651576,0.9996666666666667,0.9996666666666667,0.9996666666666667,0.9736666666666667
e+,10000.0,0.0,3000,True,1141,1.0,4.260270267249681,1.551319218183911,2.909843776388609,3.2775188379788283,3.4425689023291284,3.7447431969653735,4.373460820275488,5.691262188199044,11.508661708239835,19.953751658624586,1.0,1.0,0.6326666666666667,0.050333333333333334
e+,10000.0,20.0,3000,True,1141,1.0,4.522001671297035,1.6991805565762104,1.6940180022863853,3.485863855568909,3.6580749755010475,3.958242894989875,4.591733385248631,6.181351903094142,12.102135039760208,18.934198394509842,1.0,0.9996666666666667,0.824,0.066
e+,10000.0,40.0,3000,True,1141,1.0,5.714009941522444,2.3268373666570965,0.02717974762953869,4.332218910578619,4.553230368747153,4.9381859526584275,5.84751788702569,7.990537553073873,15.416210199490518,30.108739647330793,0.9996666666666667,0.9996666666666667,0.9846666666666667,0.137
e+,10000.0,60.0,3000,True,1141,1.0,9.53144494908481,4.767275206770956,0.3151366524276523,6.7660654385212355,7.139297488066532,7.9004185951061725,9.75726923530125,14.370478570196646,28.63743322509947,76.0116135250515,0.9996666666666667,0.9993333333333333,0.9976666666666667,0.7426666666666667
e+,10000.0,70.0,3000,True,1141,1.0,15.643780011047715,9.236610291989905,3.8867936446570264,9.955074000826201,10.744840518424741,12.17843817049326,16.476541934138737,27.28155383276503,54.12336119849653,105.19478364295897,1.0,1.0,1.0,0.9733333333333334
e-,0.5,0.0,3000,True,1141,0.0023333333333333335,8.68075316333738e-05,0.0035946166401744,0.0,0.0,0.0,0.0,0.0,0.0,0.0,0.1936542610295097,0.0,0.0,0.0,0.0
e-,0.5,20.0,3000,True,1141,0.0013333333333333333,6.797900939206844e-05,0.003574897307425065,0.0,0.0,0.0,0.0,0.0,0.0,0.0,0.19571692081567646,0.0,0.0,0.0,0.0
e-,0.5,40.0,3000,True,1141,0.002,7.70981604475476e-05,0.0020004521321520174,0.0,0.0,0.0,0.0,0.0,0.0,0.0,0.08105994294718524,0.0,0.0,0.0,0.0
e-,0.5,60.0,3000,True,1141,0.0013333333333333333,3.5475781183742125e-05,0.0010844141249552709,0.0,0.0,0.0,0.0,0.0,0.0,0.0,0.04687426414825746,0.0,0.0,0.0,0.0
e-,0.5,70.0,3000,True,1141,0.0,0.0,0.0,0.0,0.0,0.0,0.0,0.0,0.0,0.0,0.0,0.0,0.0,0.0,0.0
e-,1.0,0.0,3000,True,1141,0.010666666666666666,0.0005010607764752541,0.006818770899862801,0.0,0.0,0.0,0.0,0.0,0.0,0.0010173877976641988,0.14277451229397464,0.0,0.0,0.0,0.0
e-,1.0,20.0,3000,True,1141,0.008666666666666666,0.0006031695365066749,0.012666154367063103,0.0,0.0,0.0,0.0,0.0,0.0,0.0,0.5569985125338393,0.0,0.0,0.0,0.0
e-,1.0,40.0,3000,True,1141,0.010333333333333333,0.0006540461240979196,0.009307996287819365,0.0,0.0,0.0,0.0,0.0,0.0,0.003923897908505957,0.2555976832094152,0.0,0.0,0.0,0.0
e-,1.0,60.0,3000,True,1141,0.0036666666666666666,0.00011901349357761126,0.0025324337142203007,0.0,0.0,0.0,0.0,0.0,0.0,0.0,0.07846326335868667,0.0,0.0,0.0,0.0
e-,1.0,70.0,3000,True,1141,0.002,0.0001276151009951549,0.004314054559726607,0.0,0.0,0.0,0.0,0.0,0.0,0.0,0.19921273117712174,0.0,0.0,0.0,0.0
e-,3.0,0.0,3000,True,1141,0.49066666666666664,0.6169538866048468,0.7454335204005148,0.0,0.0,0.0,0.0,1.3939698363217816,1.7721222182114824,2.00388177909685,2.1150233570635724,0.37033333333333335,0.09266666666666666,0.0,0.0
e-,3.0,20.0,3000,True,1141,0.44433333333333336,0.5355235070844899,0.7106387108751897,0.0,0.0,0.0,0.0,1.2445893870061588,1.700511412878085,1.9496713102516483,2.0769857334470325,0.32266666666666666,0.059,0.0,0.0
e-,3.0,40.0,3000,True,1141,0.352,0.37919779798273795,0.6168576079321066,0.0,0.0,0.0,0.0,0.7410384823715381,1.5135259079807413,1.8566704571964605,2.0141513357014356,0.23266666666666666,0.021666666666666667,0.0,0.0
e-,3.0,60.0,3000,True,1141,0.22533333333333333,0.20591957039779937,0.4690243842767368,0.0,0.0,0.0,0.0,0.0,1.1078457513532363,1.715493033091395,2.0413690812680243,0.127,0.006666666666666667,0.0,0.0
e-,3.0,70.0,3000,True,1141,0.12266666666666666,0.10213896095563699,0.3361123796781023,0.0,0.0,0.0,0.0,0.0,0.14103054287804392,1.6003716008058597,1.9239934945459287,0.064,0.001,0.0,0.0
e-,10.0,0.0,3000,True,1141,0.978,4.925114466752839,1.764760151894473,0.0,3.436935638491535,3.797789968115801,4.51336724600183,5.920276722978548,7.615996142585509,8.961449915608856,9.10670029116159,0.9723333333333334,0.968,0.8486666666666667,0.127
e-,10.0,20.0,3000,True,1141,0.9783333333333334,5.195283619101363,1.914772476286032,0.0,3.469104692732017,3.924680001748404,4.7491443101439215,6.526965080036248,8.172286632992273,8.889014801063187,9.028200883747148,0.9716666666666667,0.966,0.8713333333333333,0.189
e-,10.0,40.0,3000,True,1141,0.9596666666666667,5.647706143156242,2.1777395058446474,0.0,3.385517173197636,4.271865366381436,5.670456444374841,7.546725347052561,8.353877294152046,8.676879124674475,8.90625235674133,0.9486666666666667,0.938,0.8823333333333333,0.306
e-,10.0,60.0,3000,True,1141,0.8096666666666666,4.281921519422458,2.787132387116683,0.0,0.0,1.5519907143064362,4.895117688179301,6.6059567611338075,7.590829585981536,8.365022884373223,8.640647951892618,0.768,0.742,0.6696666666666666,0.16166666666666665
e-,10.0,70.0,3000,True,1141,0.6426666666666667,3.0824533645223697,2.9452875527029416,0.0,0.0,0.0,3.0330400978489553,5.79002861877237,7.1801039536507325,8.243575115330323,8.90728537809084,0.5816666666666667,0.552,0.4746666666666667,0.10433333333333333
e-,30.0,0.0,3000,True,1141,0.9946666666666667,4.1642290845235435,1.3471182419806764,0.0,3.303241331032091,3.476337877943024,3.7936844707751423,4.394428314650952,5.508620206988358,9.31433981753908,20.204121887185934,0.9923333333333333,0.9913333333333333,0.663,0.037
e-,30.0,20.0,3000,True,1141,0.993,4.4516027248824,1.5449765702464697,0.0,3.479962140292627,3.6886501669405627,4.060489556716778,4.723894023999199,5.914441916966144,10.349362229886356,23.765206115649654,0.9906666666666667,0.9866666666666667,0.834,0.050666666666666665
e-,30.0,40.0,3000,True,1141,0.9876666666666667,5.604663620909802,2.139965917010861,0.0,4.063091775835171,4.464975662999751,5.104312408448135,6.161781978558299,7.9054928788098895,13.622776826991165,23.44612840878186,0.9863333333333333,0.9823333333333333,0.9646666666666667,0.14533333333333334
e-,30.0,60.0,3000,True,1141,0.9796666666666667,9.29820533180391,5.052090811272648,0.0,5.020923444424638,6.196676768617445,7.881012728542779,11.115466006755867,16.792208866435477,25.473592300086388,28.599624832575678,0.9716666666666667,0.9666666666666667,0.9516666666666667,0.5956666666666667
e-,30.0,70.0,3000,True,1141,0.945,10.960158604540363,6.5027505662881335,0.0,2.5823638437199854,6.783919377066505,9.77519401096368,15.182954952602369,20.69253340237166,25.951285428901773,28.143746142799362,0.9196666666666666,0.9083333333333333,0.886,0.719
e-,100.0,0.0,3000,True,1141,0.9993333333333333,4.159258343604065,1.2729817560078542,0.0,3.2836907675626614,3.4623061997588103,3.7683507707272925,4.347002811320483,5.5018233391213505,9.58129253434069,16.00333956834755,0.9993333333333333,0.9986666666666667,0.6416666666666667,0.035333333333333335
e-,100.0,20.0,3000,True,1141,0.9993333333333333,4.412638738900543,1.3393338298464192,0.0,3.4891210472118943,3.674212042162656,3.9912842209590194,4.618061527066933,5.9435612227631625,9.794266344174234,15.469060800247613,0.9983333333333333,0.998,0.8286666666666667,0.04833333333333333
e-,100.0,40.0,3000,True,1141,0.9986666666666667,5.499710957867826,1.9437115012683555,0.0,4.264799205500918,4.53664535725806,4.9677187896747075,5.748798551021318,7.332917865179902,13.07727422494285,48.292627956835034,0.9986666666666667,0.9986666666666667,0.9833333333333333,0.10666666666666667
e-,100.0,60.0,3000,True,1141,0.997,8.801939731073942,3.2842736956226566,0.0,6.330118837790688,7.029743655208211,7.979516930699559,9.580032087311084,12.358458675763586,21.40648503918078,39.655161497141165,0.9966666666666667,0.996,0.9876666666666667,0.713
e-,100.0,70.0,3000,True,1141,0.9906666666666667,13.715988064603467,7.075193956176464,0.0,8.172996746374023,9.886877297987386,12.03928469590975,15.38089113347301,21.333710475110017,40.33368723624227,79.76597311338887,0.9886666666666667,0.9876666666666667,0.9843333333333333,0.9373333333333334
e-,300.0,0.0,3000,True,1141,1.0,4.17558296688512,1.3014636394106898,0.5952057976808078,3.2829561461783907,3.4512644317050745,3.7481234842707596,4.374562115713497,5.565468252667247,10.080433607993424,17.386115938309747,0.9996666666666667,0.9993333333333333,0.6373333333333333,0.03666666666666667
e-,300.0,20.0,3000,True,1141,0.9996666666666667,4.425361370675815,1.8330839980659703,0.0,3.4807467300968074,3.6731077958384963,3.98190456595848,4.619711340447788,5.837095606531088,9.73847343802835,74.76679981390484,0.9993333333333333,0.9993333333333333,0.8273333333333334,0.04833333333333333
e-,300.0,40.0,3000,True,1141,0.9996666666666667,5.501557423033465,1.7505724803105416,0.0,4.296293115774149,4.548246145121302,4.950151368854833,5.789189708802538,7.350694688353523,12.469757743754045,22.546600893879635,0.9996666666666667,0.9996666666666667,0.9896666666666667,0.11233333333333333
e-,300.0,60.0,3000,True,1141,0.999,8.846923223237024,3.349583743088833,0.0,6.658010840866799,7.116654472322331,7.865077780525734,9.362028830532816,12.181785470498673,23.03965043451767,39.44611054847018,0.999,0.9986666666666667,0.9976666666666667,0.735
e-,300.0,70.0,3000,True,1141,0.998,13.764033715995154,6.271911262498726,0.0,9.531005166192609,10.57038896976201,11.909652833770187,14.773963362308193,20.280697241573073,39.05071649497306,79.71407772245074,0.9973333333333333,0.997,0.9963333333333333,0.9723333333333334
e-,1000.0,0.0,3000,True,1141,1.0,4.176515008257294,1.3638113859348626,1.0920214629154645,3.2735852528254927,3.4522252834419738,3.7477133290930498,4.335494268461034,5.527399647262989,9.989480251987892,20.935489112905447,1.0,0.9996666666666667,0.6346666666666667,0.043
e-,1000.0,20.0,3000,True,1141,1.0,4.475668469327052,1.5344311830544561,1.807068877040278,3.491405666019183,3.6690865417904033,3.9981969460032847,4.6664025047902555,6.105009064785185,10.799303799142152,26.30634686841438,1.0,1.0,0.8283333333333334,0.058
e-,1000.0,40.0,3000,True,1141,1.0,5.6836744671476005,3.68938467936294,2.0936900656631647,4.306348913940927,4.544879155844247,4.948169911134782,5.770725292952555,7.596403981429236,15.428920443712835,135.98853401777043,1.0,1.0,0.985,0.12
e-,1000.0,60.0,3000,True,1141,0.9996666666666667,9.050825279982837,4.650836665036988,0.0,6.713367395467644,7.142413843148864,7.814429628610794,9.434223171589132,12.654914849689648,24.463082799683615,170.0168404829141,0.9996666666666667,0.9993333333333333,0.9966666666666667,0.7436666666666667
e-,1000.0,70.0,3000,True,1141,0.9996666666666667,14.365089357742763,7.057272579525924,0.0,9.872008087737036,10.652241972893894,11.919858373177513,15.105025353078396,22.696636837600945,42.42372794615844,65.79820527895049,0.9993333333333333,0.9993333333333333,0.999,0.9743333333333334
e-,3000.0,0.0,3000,True,1141,1.0,4.2106256400747855,1.3936809197338984,2.2499501505545143,3.2862437396118183,3.448296027830156,3.739587328793787,4.363395351470222,5.624468282238626,10.080419000522426,19.65253956930253,1.0,1.0,0.635,0.04733333333333333
e-,3000.0,20.0,3000,True,1141,1.0,4.511460765395453,1.573260815049552,1.6737161954052526,3.4826652275952243,3.6830618661084205,4.002311688593914,4.645116880628322,6.0807876608212466,12.000369749995256,18.75349355303377,1.0,0.9996666666666667,0.833,0.060333333333333336
e-,3000.0,40.0,3000,True,1141,1.0,5.63391861826057,2.2596071353209903,2.169602514470551,4.306731423874107,4.556194592456413,4.951608993873965,5.848596365014097,7.766840381892646,14.508898056843357,56.336819645766916,1.0,1.0,0.9816666666666667,0.12433333333333334
e-,3000.0,60.0,3000,True,1141,0.9996666666666667,9.116361588033492,4.04062592271961,0.0,6.737472267770166,7.117571291941263,7.864255373591977,9.50386565110254,13.234633626713542,26.701935687671646,58.07588764255535,0.9993333333333333,0.999,0.998,0.7363333333333333
e-,3000.0,70.0,3000,True,1141,1.0,14.845949876596961,7.7394540629420465,1.9585921321668969,9.911883126268869,10.717695880206925,12.113412472391545,15.491850332429058,24.058881084661518,46.48075829237024,76.25071081859103,1.0,1.0,0.9993333333333333,0.9743333333333334
e-,10000.0,0.0,3000,True,1141,1.0,4.272498996974347,1.5387438079573452,2.952311310504092,3.2739414422765565,3.4502332114434866,3.7448173247546954,4.428245306188255,5.8739688568758,11.142880860240696,22.21695772628079,1.0,1.0,0.636,0.05333333333333334
e-,10000.0,20.0,3000,True,1141,1.0,4.576181976297616,2.3044515010346296,1.6758875141578757,3.4912333538579556,3.6688403627237,3.9726010239271154,4.678129756376805,6.261026342600297,12.252669448071188,90.53239417902482,1.0,0.9993333333333333,0.8243333333333334,0.068
e-,10000.0,40.0,3000,True,1141,1.0,5.7116891903695155,2.207365491693668,2.163467506826963,4.325458391605376,4.550559936091215,4.995363191760308,5.911024393994234,7.898383982503424,15.187429264638464,29.316996797884926,1.0,1.0,0.9913333333333333,0.135
e-,10000.0,60.0,3000,True,1141,1.0,9.395457635418936,4.507753971426269,2.3033679050803877,6.7152176674895365,7.153376950640932,7.946749350520841,9.744412292147677,13.866519447073115,26.973763675164722,51.264370075411826,1.0,1.0,0.9983333333333333,0.7486666666666667
e-,10000.0,70.0,3000,True,1141,1.0,15.699349563997758,9.185302084115502,4.7358121243165225,9.927177985463402,10.729566163800671,12.19756974658872,16.60196039251666,27.682127357995956,51.02358773178382,124.59875918128738,1.0,1.0,1.0,0.9743333333333334
gamma,0.5,0.0,3000,True,1141,0.182,0.03354625109519707,0.08566466377443423,0.0,0.0,0.0,0.0,0.0,0.14833902163992502,0.3474627624624004,0.4232545119240328,0.0,0.0,0.0,0.0
gamma,0.5,20.0,3000,True,1141,0.2,0.035643122822936836,0.08870169952252867,0.0,0.0,0.0,0.0,0.0,0.16536911528134293,0.35838992048844603,0.4150310558634535,0.0,0.0,0.0,0.0
gamma,0.5,40.0,3000,True,1141,0.238,0.04364221412227848,0.09699298670658946,0.0,0.0,0.0,0.0,0.0,0.2186985536319467,0.3720789408255739,0.5,0.0,0.0,0.0,0.0
gamma,0.5,60.0,3000,True,1141,0.322,0.06349497599606983,0.11266356714178108,0.0,0.0,0.0,0.0,0.08321093309268685,0.2818925207935949,0.38099155056960565,0.43090111220623156,0.0,0.0,0.0,0.0
gamma,0.5,70.0,3000,True,1141,0.414,0.0818352717252001,0.12159169155571149,0.0,0.0,0.0,0.0,0.15664831428303821,0.29868229461055545,0.3899677826704397,0.46560314809491143,0.0,0.0,0.0,0.0
gamma,1.0,0.0,3000,True,1141,0.133,0.059168692835082005,0.18117951360899276,0.0,0.0,0.0,0.0,0.0,0.19131280207099693,0.7964645905313549,0.9261019880801593,0.0023333333333333335,0.0,0.0,0.0
gamma,1.0,20.0,3000,True,1141,0.155,0.06960752633683667,0.19426878505253836,0.0,0.0,0.0,0.0,0.0,0.3084937637600605,0.794761949168914,0.9510476154635454,0.0016666666666666668,0.0,0.0,0.0
gamma,1.0,40.0,3000,True,1141,0.18233333333333332,0.08376920568180425,0.21198189521202007,0.0,0.0,0.0,0.0,0.0,0.43685033850432625,0.814468984453141,0.9099183188098737,0.0006666666666666666,0.0,0.0,0.0
gamma,1.0,60.0,3000,True,1141,0.27,0.128659621014351,0.25214531805410767,0.0,0.0,0.0,0.0,0.06055079085456738,0.6226006476786148,0.8548712859450834,0.9406015486255901,0.0016666666666666668,0.0,0.0,0.0
gamma,1.0,70.0,3000,True,1141,0.3273333333333333,0.15308173243703382,0.2658229649284706,0.0,0.0,0.0,0.0,0.2337924424076209,0.6616671176293115,0.8524241851777299,0.9389246452959592,0.0036666666666666666,0.0,0.0,0.0
gamma,3.0,0.0,3000,True,1141,0.094,0.14069506565853618,0.5148616259709844,0.0,0.0,0.0,0.0,0.0,0.0,2.681319960568249,2.921443080462546,0.065,0.039,0.0,0.0
gamma,3.0,20.0,3000,True,1141,0.1,0.15096307160430877,0.5328922655485521,0.0,0.0,0.0,0.0,0.0,0.00022646895495805283,2.6652305728770225,2.934257182232883,0.072,0.042333333333333334,0.0,0.0
gamma,3.0,40.0,3000,True,1141,0.121,0.17176765111928655,0.5591180524551351,0.0,0.0,0.0,0.0,0.0,0.3790955125692604,2.681210510856637,2.88546301461642,0.07833333333333334,0.04933333333333333,0.0,0.0
gamma,3.0,60.0,3000,True,1141,0.169,0.2587107783740634,0.6793103716827594,0.0,0.0,0.0,0.0,0.0,1.2829575597784826,2.712199761338824,2.8904493640834894,0.11866666666666667,0.07866666666666666,0.0,0.0
gamma,3.0,70.0,3000,True,1141,0.24,0.3726180567502867,0.7963903804367444,0.0,0.0,0.0,0.0,0.0,1.9742319144494551,2.75962953913187,2.9333055859959147,0.171,0.11166666666666666,0.0,0.0
gamma,10.0,0.0,3000,True,1141,0.063,0.21947478896358072,1.013009036201763,0.0,0.0,0.0,0.0,0.0,0.0,5.913992422952875,9.117962867276702,0.05466666666666667,0.04666666666666667,0.027,0.005
gamma,10.0,20.0,3000,True,1141,0.065,0.21091541092482255,0.9898963299345035,0.0,0.0,0.0,0.0,0.0,0.0,5.8077225015220115,9.127686602555452,0.05333333333333334,0.044333333333333336,0.027666666666666666,0.004333333333333333
gamma,10.0,40.0,3000,True,1141,0.09133333333333334,0.3515225702309881,1.3382806253398793,0.0,0.0,0.0,0.0,0.0,0.0,7.227041430279731,8.97800218,0.078,0.06666666666666667,0.04833333333333333,0.010333333333333333
gamma,10.0,60.0,3000,True,1141,0.13333333333333333,0.6271342463012751,1.8936458830401204,0.0,0.0,0.0,0.0,0.0,2.4064034657722906,8.97800218,9.708201197955821,0.11933333333333333,0.109,0.08166666666666667,0.03166666666666667
gamma,10.0,70.0,3000,True,1141,0.17933333333333334,0.8736595862592136,2.2393455624010556,0.0,0.0,0.0,0.0,0.0,4.356350702810694,9.30701049858359,9.932574742043036,0.15833333333333333,0.14433333333333334,0.11366666666666667,0.04833333333333333
gamma,30.0,0.0,3000,True,1141,0.059333333333333335,0.32373469640821556,1.634464508925539,0.0,0.0,0.0,0.0,0.0,0.0,8.288674374903533,22.72638798438993,0.05333333333333334,0.04833333333333333,0.03766666666666667,0.019
gamma,30.0,20.0,3000,True,1141,0.06266666666666666,0.3120922400404843,1.5016220232687432,0.0,0.0,0.0,0.0,0.0,0.0,8.41813810147539,25.133126317571378,0.05566666666666667,0.04933333333333333,0.037333333333333336,0.018
gamma,30.0,40.0,3000,True,1141,0.07633333333333334,0.4897446762861669,2.099353598515829,0.0,0.0,0.0,0.0,0.0,0.0,11.199981702486296,22.868255126000523,0.07133333333333333,0.06566666666666666,0.054,0.027333333333333334
gamma,30.0,60.0,3000,True,1141,0.12066666666666667,1.0888536142198841,3.686201515484575,0.0,0.0,0.0,0.0,0.0,2.455464781023575,20.23145855387704,26.392488017399366,0.11133333333333334,0.10466666666666667,0.09266666666666666,0.06633333333333333
gamma,30.0,70.0,3000,True,1141,0.16233333333333333,1.8648339824628983,5.100857336568564,0.0,0.0,0.0,0.0,0.0,8.896885390906075,22.842807249658357,29.221478889667196,0.153,0.14666666666666667,0.135,0.11466666666666667
gamma,100.0,0.0,3000,True,1141,0.05633333333333333,0.3113146062879191,1.4900713253795148,0.0,0.0,0.0,0.0,0.0,0.0,8.395343380979558,14.180297282109287,0.049666666666666665,0.04566666666666667,0.03866666666666667,0.023333333333333334
gamma,100.0,20.0,3000,True,1141,0.064,0.4455418985180621,2.4407618520043903,0.0,0.0,0.0,0.0,0.0,0.0,9.186929242943302,92.72638798438993,0.06233333333333333,0.059333333333333335,0.053,0.031
gamma,100.0,40.0,3000,True,1141,0.07033333333333333,0.5570040699696398,2.3020810383271177,0.0,0.0,0.0,0.0,0.0,0.0,11.445645266275719,24.71002173703003,0.06633333333333333,0.06433333333333334,0.057,0.043
gamma,100.0,60.0,3000,True,1141,0.11833333333333333,1.3536351323404978,4.3225822561249885,0.0,0.0,0.0,0.0,0.0,3.6312595360883595,19.9545098682196,40.83185266396742,0.114,0.108,0.10033333333333333,0.084
gamma,100.0,70.0,3000,True,1141,0.17533333333333334,3.163948473593461,8.4207185559482,0.0,0.0,0.0,0.0,0.0,15.232925925559039,37.423535218774575,78.2435481052852,0.17133333333333334,0.16833333333333333,0.16233333333333333,0.14433333333333334
gamma,300.0,0.0,3000,True,1141,0.072,0.4994884680498121,3.123977318243197,0.0,0.0,0.0,0.0,0.0,0.0,8.750555700867418,140.61079029052155,0.06833333333333333,0.065,0.058333333333333334,0.034666666666666665
gamma,300.0,20.0,3000,True,1141,0.07266666666666667,0.5268376073355715,2.1004074498092415,0.0,0.0,0.0,0.0,0.0,0.0,9.899933816959635,31.16391166047195,0.06933333333333333,0.06666666666666667,0.06233333333333333,0.04633333333333333
gamma,300.0,40.0,3000,True,1141,0.093,0.7586139544862841,2.6616686691292575,0.0,0.0,0.0,0.0,0.0,0.0,12.045414921368097,24.75618731153473,0.088,0.084,0.07666666666666666,0.06166666666666667
gamma,300.0,60.0,3000,True,1141,0.13633333333333333,1.760644020338202,5.087801745281176,0.0,0.0,0.0,0.0,0.0,8.710502849876637,22.117224478214908,38.57539497360556,0.132,0.127,0.11966666666666667,0.10833333333333334
gamma,300.0,70.0,3000,True,1141,0.17966666666666667,3.656957156420329,9.15530053031745,0.0,0.0,0.0,0.0,0.0,19.472079955654166,35.432127448850665,117.21620973449967,0.17666666666666667,0.17366666666666666,0.169,0.15833333333333333
gamma,1000.0,0.0,3000,True,1141,0.07566666666666666,0.4783169623768513,1.8793572806115661,0.0,0.0,0.0,0.0,0.0,0.0,8.838064780247656,19.28125532130573,0.07033333333333333,0.067,0.060333333333333336,0.03266666666666666
gamma,1000.0,20.0,3000,True,1141,0.07933333333333334,0.5189307376059918,1.98024784909536,0.0,0.0,0.0,0.0,0.0,0.0,9.267987141927941,17.91170415426205,0.07466666666666667,0.07066666666666667,0.064,0.04066666666666666
gamma,1000.0,40.0,3000,True,1141,0.09433333333333334,0.7665202696375298,2.680842424918355,0.0,0.0,0.0,0.0,0.0,0.0,12.199651760786725,21.245882857927192,0.09166666666666666,0.088,0.078,0.060333333333333336
gamma,1000.0,60.0,3000,True,1141,0.13033333333333333,1.637432582056402,4.87491398679188,0.0,0.0,0.0,0.0,0.0,6.22674784682699,21.73947531999714,39.61918506195491,0.12833333333333333,0.12366666666666666,0.11466666666666667,0.097
gamma,1000.0,70.0,3000,True,1141,0.19333333333333333,3.898558794181994,9.453560875420127,0.0,0.0,0.0,0.0,0.0,21.20542775320106,35.9861598786418,78.58049742955117,0.18833333333333332,0.18433333333333332,0.177,0.16366666666666665
gamma,3000.0,0.0,3000,True,1141,0.06533333333333333,0.4201693963740014,2.069549045741082,0.0,0.0,0.0,0.0,0.0,0.0,8.763479561057736,64.32135572414781,0.06166666666666667,0.057,0.04833333333333333,0.03
gamma,3000.0,20.0,3000,True,1141,0.08333333333333333,0.5473192807029749,2.0098565573078613,0.0,0.0,0.0,0.0,0.0,0.0,9.81831081602072,14.123966731773345,0.079,0.07466666666666667,0.06833333333333333,0.043333333333333335
gamma,3000.0,40.0,3000,True,1141,0.1,0.86020605966524,2.877862445796758,0.0,0.0,0.0,0.0,0.0,0.000442630743332158,12.876006765628055,21.812372690851713,0.095,0.09333333333333334,0.085,0.06666666666666667
gamma,3000.0,60.0,3000,True,1141,0.15266666666666667,2.1162267561271415,5.673607518012378,0.0,0.0,0.0,0.0,0.0,12.678641575114474,23.104957999747807,42.87142224139463,0.149,0.14566666666666667,0.13933333333333334,0.12233333333333334
gamma,3000.0,70.0,3000,True,1141,0.21633333333333332,4.3703908260389275,9.667521145797542,0.0,0.0,0.0,0.0,0.0,22.070388145337176,39.25709697684505,61.23235593031198,0.211,0.207,0.2,0.18466666666666667
gamma,10000.0,0.0,3000,True,1141,0.06933333333333333,0.4583407497914488,1.8667047423823315,0.0,0.0,0.0,0.0,0.0,0.0,8.674827355726588,19.26580994555531,0.06733333333333333,0.06433333333333334,0.056666666666666664,0.033666666666666664
gamma,10000.0,20.0,3000,True,1141,0.077,0.5167749901827228,1.9839847942723057,0.0,0.0,0.0,0.0,0.0,0.0,9.546622999368706,15.478172871716882,0.07266666666666667,0.06933333333333333,0.06266666666666666,0.043
gamma,10000.0,40.0,3000,True,1141,0.111,0.9646463517127772,3.097696263988605,0.0,0.0,0.0,0.0,0.0,2.933011449816633,12.475371241651713,48.079166676736584,0.107,0.103,0.097,0.07766666666666666
gamma,10000.0,60.0,3000,True,1141,0.15433333333333332,2.1223891902216496,6.265371359321829,0.0,0.0,0.0,0.0,0.0,12.092576465178494,21.837924665768995,148.4819244845945,0.14833333333333334,0.14366666666666666,0.138,0.12333333333333334
gamma,10000.0,70.0,3000,True,1141,0.20133333333333334,4.239047867990091,10.041956588486146,0.0,0.0,0.0,0.0,0.0,21.71798268849951,42.3013886865079,78.94444184631308,0.19733333333333333,0.19266666666666668,0.188,0.17133333333333334
mu-,300.0,0.0,2000,True,1141,1.0,3.993749343517189,0.9316728871727331,0.6633221248540948,3.284633265194061,3.4550061057487187,3.7129151286888185,4.174218600554463,5.1251425238201955,7.627837359893016,10.963633208594517,0.9995,0.999,0.625,0.0155
mu-,300.0,20.0,2000,True,1141,1.0,4.215984534563469,0.9541728096830371,1.8316927377864414,3.4815904952410244,3.6632130498233604,3.9436097295047388,4.432227938870022,5.222576483650449,8.310507478968228,10.792574185481941,1.0,1.0,0.826,0.0225
mu-,300.0,40.0,2000,True,1141,0.9995,5.161329304030407,1.0690656980344933,0.0,4.307603208228192,4.528337111861213,4.885565377556062,5.463498362725301,6.406065822940105,8.991268779496723,14.92104823574653,0.9995,0.9995,0.9895,0.055
mu-,300.0,60.0,2000,True,1141,0.9995,7.906070815022817,1.5909136565032276,0.0,6.681846135137747,7.047270994034441,7.554800337258702,8.418639725201444,9.818027124255423,13.67355329076454,18.68275960470949,0.9995,0.9995,0.9965,0.691
mu-,300.0,70.0,2000,True,1141,0.999,11.475821551253146,2.1764909403557002,0.0,9.582170767334999,10.342233585975723,11.181547300016152,12.3664831596187,14.069720863564955,18.604374634729634,23.36547241518581,0.999,0.999,0.999,0.9695
mu-,1000.0,0.0,2000,True,1141,1.0,3.986705988984877,1.0860022777457685,2.8611678127032656,3.1965298701282667,3.363603730314755,3.639371034917744,4.147071706357917,5.164720361820642,8.449964535088943,12.833475348450985,1.0,1.0,0.5405,0.0295
mu-,1000.0,20.0,2000,True,1141,1.0,4.224712432481882,1.1104818716702924,1.2363996791102325,3.4088470571639227,3.594991123862625,3.8860776694228245,4.467016332915628,5.427123070278482,8.723819475343992,14.331468993247135,1.0,0.9995,0.763,0.0305
mu-,1000.0,40.0,2000,True,1141,1.0,5.1686779852636064,1.35694830771671,2.144213097112386,4.208756218225761,4.429529962602658,4.793613513637562,5.412649771837056,6.4709108170081,10.851479293584038,17.27630467949062,1.0,1.0,0.985,0.0715
mu-,1000.0,60.0,2000,True,1141,1.0,8.05226858337843,2.10953119206104,3.280443924035296,6.525330954186407,6.9279389984374795,7.480576626698676,8.463874472087323,10.373804117335464,16.566202413356766,26.712572725489213,1.0,1.0,0.9985,0.6365
mu-,1000.0,70.0,2000,True,1141,1.0,11.682039464357764,2.933029420491697,1.5841272596379785,9.541328191372223,10.169936380578541,10.954060934544398,12.432100184755033,15.1271268614146,22.691959299947037,36.39447986302645,1.0,0.9995,0.9995,0.972
mu-,3000.0,0.0,2000,True,1141,1.0,4.050003251370897,1.1464277603563415,2.9211980346719906,3.249107292042049,3.4133524059219815,3.6717594866461574,4.213828821512735,5.278082419443331,8.906647329667388,15.403536943483571,1.0,1.0,0.58,0.0285
mu-,3000.0,20.0,2000,True,1141,1.0,4.314444353736985,1.2044336529973563,1.8433726769953183,3.4558962614893107,3.620668446991563,3.929102620807261,4.491491459803214,5.676558946689511,9.281489122015344,13.222361006817978,1.0,1.0,0.791,0.041
mu-,3000.0,40.0,2000,True,1141,1.0,5.2667053496485385,1.4923950710272067,2.2405657514659403,4.241809511098145,4.479334567584441,4.833328709616165,5.5314823548511125,6.652464987954866,10.834753589990763,19.902388333513112,1.0,1.0,0.9805,0.083
mu-,3000.0,60.0,2000,True,1141,1.0,8.105721862977445,2.138592264451812,3.3767555492829033,6.612367599490097,6.991702476746442,7.506202362337586,8.524766998911783,10.418437283270661,16.42828669354847,32.28877372250331,1.0,1.0,0.9975,0.667
mu-,3000.0,70.0,2000,True,1141,1.0,11.99651649369179,3.4207516640544666,4.668410007198404,9.685805354388927,10.33215392341214,11.197015797869351,12.599971191695179,15.228953294531978,25.940088040872197,40.815903679823776,1.0,1.0,1.0,0.9745
mu-,10000.0,0.0,2000,True,1141,1.0,4.114813977051717,1.1677138782244354,2.936363767283085,3.2529333590180585,3.4322489980331374,3.7124845982659194,4.294003876974412,5.489445362891519,8.72180132253533,12.50390185756759,1.0,1.0,0.607,0.037
mu-,10000.0,20.0,2000,True,1141,1.0,4.360302101438345,1.2991745398643906,1.9969145581699246,3.4822383424382863,3.651818364567567,3.9586166262843148,4.590785194392738,5.714569869226719,9.162111450564963,26.925580776478757,1.0,1.0,0.8155,0.0415
mu-,10000.0,40.0,2000,True,1141,1.0,5.334391947615817,1.4706221041746428,2.3507673397219224,4.297630574131923,4.517200169787526,4.872253224499825,5.604708104150331,6.99994271677478,11.586138130167743,16.97496607459033,1.0,1.0,0.983,0.091
mu-,10000.0,60.0,2000,True,1141,1.0,8.247096864207885,2.320488475537489,3.540326326312359,6.657689302896071,7.021856811986657,7.60907832785168,8.682627088313154,10.750646285781249,17.007121421679763,35.781864143532836,1.0,1.0,0.9995,0.675
mu-,10000.0,70.0,2000,True,1141,1.0,12.081040740501189,3.505395392550112,5.027606377272587,9.740493758638356,10.38420528237994,11.261416715671023,12.787657960720795,15.491441413588136,26.924079970705314,45.45023985818203,1.0,1.0,1.0,0.976
mu-,30000.0,0.0,2000,True,1141,1.0,4.129367060225257,1.2649886961633825,2.9474582507060445,3.2658491672153405,3.4214646552951367,3.7142153759143848,4.268501790917541,5.481583696197953,9.117738179457847,16.626392972737378,1.0,1.0,0.611,0.0395
mu-,30000.0,20.0,2000,True,1141,1.0,4.39628417861991,1.3361861770905592,1.7779259543104857,3.478198663539936,3.6625030258350613,3.9713765499448375,4.598495672140599,5.808274673860507,10.32712164978205,15.02108479540486,1.0,0.9995,0.824,0.045
mu-,30000.0,40.0,2000,True,1141,1.0,5.404998642119601,1.6215873248835762,2.3092020251362437,4.307918440767335,4.533411425425977,4.903567311835582,5.683370633908201,7.120044340709132,12.076798286755574,19.372973973708707,1.0,1.0,0.987,0.097
mu-,30000.0,60.0,2000,True,1141,1.0,8.320882433166462,2.458324016902452,3.2504282907858544,6.661081030079576,7.0423097465238085,7.614788948527684,8.692014408138999,11.019023124401878,18.40175133598345,30.102262254821262,1.0,1.0,0.9985,0.6885
mu-,30000.0,70.0,2000,True,1141,1.0,12.175534191134064,3.427951831564389,4.788362308418991,9.777030585771092,10.47931356969519,11.326936896682579,12.932141184299313,15.968526929821843,26.270607497665615,44.405016321026196,1.0,1.0,1.0,0.9645
mu-,100000.0,0.0,2000,True,1141,1.0,4.078054289795025,1.1538069908196384,2.940854573474828,3.267423126020355,3.4276666048138837,3.7179995635043785,4.233418892953916,5.277260168945549,9.067698630175714,13.720433795355923,1.0,1.0,0.608,0.0335
mu-,100000.0,20.0,2000,True,1141,1.0,4.337925858251612,1.283292344017836,1.6848986760908045,3.4763056187285106,3.637088612987161,3.948006956446271,4.515983167557965,5.663915759321075,9.52889929670594,19.54479088730424,1.0,0.9995,0.8125,0.042
mu-,100000.0,40.0,2000,True,1141,1.0,5.38490643382837,1.5509525798107535,2.3307907745615126,4.291436952952191,4.522265808906512,4.94392650403209,5.596710621009185,6.993487794118788,11.828954456033541,22.483008300663396,1.0,1.0,0.987,0.092
mu-,100000.0,60.0,2000,True,1141,1.0,8.317205467411949,2.458060639032523,3.2839738143481987,6.6581300893630715,7.054899380260264,7.606666600003181,8.70951575350739,11.041810048407802,17.710461956174868,35.473444466429015,1.0,1.0,0.9975,0.7085
mu-,100000.0,70.0,2000,True,1141,1.0,12.241807017872791,3.5530928706474563,4.935252292029,9.816194312869179,10.450856827381967,11.311151890422863,12.9234556081746,16.19508252587573,26.288577783089835,43.74737896824759,1.0,1.0,1.0,0.9775
neutron,300.0,0.0,2000,True,1141,0.041,0.5305037448648584,4.296993581336561,0.0,0.0,0.0,0.0,0.0,0.0,15.122613033730662,72.46149470626105,0.031,0.027,0.024,0.021
neutron,300.0,20.0,2000,True,1141,0.0385,0.5562128793105573,4.371351204764553,0.0,0.0,0.0,0.0,0.0,0.0,20.364949518245048,70.58905883940096,0.0295,0.0275,0.0225,0.021
neutron,300.0,40.0,2000,True,1141,0.0445,0.8104927956318135,6.581982289837758,0.0,0.0,0.0,0.0,0.0,0.0,26.472877889606256,150.07295320022692,0.0335,0.03,0.027,0.023
neutron,300.0,60.0,2000,True,1141,0.0715,1.274753589291808,8.606520922418177,0.0,0.0,0.0,0.0,0.0,0.0,40.94385903022909,228.91604287904752,0.0575,0.05,0.0455,0.0385
neutron,300.0,70.0,2000,True,1141,0.1185,2.266707690559506,11.122053725609724,0.0,0.0,0.0,0.0,0.0,0.5185373970811499,50.45921081669453,197.18740330293755,0.095,0.082,0.0755,0.063
neutron,1000.0,0.0,2000,True,1141,0.044,1.083040696980962,8.121616174275983,0.0,0.0,0.0,0.0,0.0,0.0,37.08263778523871,129.5966873248713,0.0345,0.034,0.032,0.0285
neutron,1000.0,20.0,2000,True,1141,0.065,1.6737564089721257,11.520267139905776,0.0,0.0,0.0,0.0,0.0,0.0,46.01938012813184,194.2290998608085,0.0525,0.0465,0.044,0.0365
neutron,1000.0,40.0,2000,True,1141,0.064,1.412728236324837,10.422576622466972,0.0,0.0,0.0,0.0,0.0,0.0,44.441775916964346,179.00639923043292,0.0515,0.0465,0.042,0.0355
neutron,1000.0,60.0,2000,True,1141,0.0975,2.8632636943686056,15.24838986680353,0.0,0.0,0.0,0.0,0.0,0.0,83.69548829935951,245.1524615659736,0.076,0.0715,0.0645,0.055
neutron,1000.0,70.0,2000,True,1141,0.1275,3.8107854468661233,17.155708448207033,0.0,0.0,0.0,0.0,0.0,1.0131223472073452,91.89095976518144,212.02673948988254,0.1015,0.0915,0.084,0.077
neutron,3000.0,0.0,2000,True,1141,0.053,2.1454083201210246,14.787883391704144,0.0,0.0,0.0,0.0,0.0,0.0,73.01415371145272,249.9199162320466,0.047,0.0425,0.0385,0.035
neutron,3000.0,20.0,2000,True,1141,0.0515,1.5333888111953675,11.589968405835627,0.0,0.0,0.0,0.0,0.0,0.0,47.990415661601865,244.4014488551001,0.046,0.041,0.0375,0.028
neutron,3000.0,40.0,2000,True,1141,0.0675,2.7402599918997423,18.18432830237024,0.0,0.0,0.0,0.0,0.0,0.0,79.54653967262439,361.4630393191876,0.055,0.0505,0.047,0.0425
neutron,3000.0,60.0,2000,True,1141,0.103,3.997943614312951,19.937636964479236,0.0,0.0,0.0,0.0,0.0,0.1059181209171586,108.29889492339977,218.51158749604227,0.0815,0.0715,0.0675,0.061
neutron,3000.0,70.0,2000,True,1141,0.1415,7.254916271211055,31.33083032608942,0.0,0.0,0.0,0.0,0.0,6.58188277670918,181.19959262753832,470.3622649042664,0.117,0.111,0.107,0.099
neutron,10000.0,0.0,2000,True,1141,0.0525,6.299786979260279,38.37364169746815,0.0,0.0,0.0,0.0,0.0,0.0,200.67034873298928,498.6865322456936,0.0475,0.0465,0.0445,0.044
neutron,10000.0,20.0,2000,True,1141,0.0495,5.7710308147669584,38.40042954561872,0.0,0.0,0.0,0.0,0.0,0.0,199.97720418756134,714.2242280364172,0.043,0.0425,0.0415,0.04
neutron,10000.0,40.0,2000,True,1141,0.069,7.568394952334404,40.48905039166887,0.0,0.0,0.0,0.0,0.0,0.0,253.4721724272674,427.26366479553906,0.06,0.0555,0.0535,0.052
neutron,10000.0,60.0,2000,True,1141,0.091,10.90357212324964,52.684099561655465,0.0,0.0,0.0,0.0,0.0,0.0,282.1803351980893,680.200687780479,0.078,0.073,0.0685,0.0675
neutron,10000.0,70.0,2000,True,1141,0.1315,18.94173392963642,68.28135327765041,0.0,0.0,0.0,0.0,0.0,28.54604211150713,351.09997742215523,696.0442568943797,0.1155,0.112,0.1085,0.107
neutron,30000.0,0.0,2000,True,1141,0.0515,5.89989476190554,38.01487535430862,0.0,0.0,0.0,0.0,0.0,0.0,207.84195208911098,741.7329264357489,0.042,0.04,0.037,0.0365
neutron,30000.0,20.0,2000,True,1141,0.045,4.600578928955742,31.1201987884167,0.0,0.0,0.0,0.0,0.0,0.0,171.4415055819235,451.8155015122438,0.0375,0.037,0.036,0.0355
neutron,30000.0,40.0,2000,True,1141,0.0705,9.885204213841181,49.76032037033793,0.0,0.0,0.0,0.0,0.0,0.0,258.8646329307768,616.3667723996884,0.064,0.0625,0.0615,0.0605
neutron,30000.0,60.0,2000,True,1141,0.0955,13.949105842975388,60.78420144008873,0.0,0.0,0.0,0.0,0.0,0.0,337.8706190974232,745.3430581934391,0.084,0.079,0.0775,0.075
neutron,30000.0,70.0,2000,True,1141,0.1315,23.76555471368542,87.73778641454832,0.0,0.0,0.0,0.0,0.0,29.662131018319684,434.5332033097739,1003.7653689455722,0.122,0.1165,0.1145,0.111
neutron,100000.0,0.0,2000,True,1141,0.054,7.0506174371215575,40.686420535220904,0.0,0.0,0.0,0.0,0.0,0.0,217.3377113860839,500.53166462709453,0.0485,0.048,0.0465,0.0455
neutron,100000.0,20.0,2000,True,1141,0.0485,4.756305012528935,31.87859162849033,0.0,0.0,0.0,0.0,0.0,0.0,172.03244461606954,466.36484341089016,0.04,0.038,0.0375,0.0365
neutron,100000.0,40.0,2000,True,1141,0.0595,6.659824660128579,37.599081400019756,0.0,0.0,0.0,0.0,0.0,0.0,210.67390139751998,522.8499286342266,0.053,0.0505,0.0495,0.048
neutron,100000.0,60.0,2000,True,1141,0.086,15.117217347082326,67.9030191545815,0.0,0.0,0.0,0.0,0.0,0.0,369.3919885328365,937.549126037687,0.0775,0.0745,0.074,0.0735
neutron,100000.0,70.0,2000,True,1141,0.1055,21.67201284374582,90.53900660014523,0.0,0.0,0.0,0.0,0.0,0.2979662197951272,478.6357366443901,1350.7946426015742,0.09,0.0875,0.0855,0.085
pi+,300.0,0.0,2000,True,1141,0.999,5.73471067277979,11.580204865024612,0.0,3.3695659117303167,3.5470072102891166,3.8178881693180404,4.3542013908902035,5.671031218388953,58.50014933174632,212.89412645801923,0.999,0.998,0.7235,0.0555
pi+,300.0,20.0,2000,True,1141,1.0,5.776426350362511,9.555499245902011,2.1908353776127867,3.586595676126889,3.7787430811825247,4.101885916594632,4.7025039409300025,5.92117427182939,52.773273121052,172.83420022679283,1.0,1.0,0.9045,0.0615
pi+,300.0,40.0,2000,True,1141,1.0,6.924337153929652,9.738200155155077,1.022441366838362,4.451597909668711,4.682818064977898,5.078751808144975,5.82409306680781,7.189006610382745,56.09745312391094,131.55016639789685,1.0,0.9995,0.987,0.103
pi+,300.0,60.0,2000,True,1141,0.997,11.36962573827934,17.376912572229493,0.0,6.825235402456711,7.255680968787092,7.861902984075964,8.925814559275029,11.703551432454018,99.81618737405279,307.82066803903365,0.9965,0.996,0.9935,0.7925
pi+,300.0,70.0,2000,True,1141,0.995,16.409018514548194,19.924617572083665,0.0,9.704502439376236,10.676313755583882,11.650982068345268,13.339879501775155,19.674576588084268,118.56963638113275,267.24312648535334,0.9925,0.9905,0.99,0.965
pi+,1000.0,0.0,2000,True,1141,1.0,5.581954241776127,11.925782402896969,2.8559642959205984,3.1981298707158587,3.355359738227393,3.658138038907979,4.240533253417738,5.5691359491377,64.44980032267347,204.12780247700982,1.0,1.0,0.5535,0.0555
pi+,1000.0,20.0,2000,True,1141,1.0,5.697616013541069,10.43727505120445,1.9201619205728877,3.416799539674317,3.5977110905389917,3.900384391922093,4.572644736817012,5.947065825246623,60.09357628200977,155.03016089499968,1.0,1.0,0.7685,0.0635
pi+,1000.0,40.0,2000,True,1141,0.9995,7.048756714637493,12.70796642291479,0.0,4.230953341271439,4.450441428601577,4.823945611362456,5.662291671670448,7.55317607217251,63.329822911843394,199.25156545946615,0.999,0.999,0.988,0.114
pi+,1000.0,60.0,2000,True,1141,0.999,10.492154778984117,15.193433015438636,0.0,6.537327732183925,6.902314399784994,7.470260735539581,8.808682470959038,11.703852446843133,88.38045363881,192.64242295983823,0.999,0.999,0.9955,0.628
pi+,1000.0,70.0,2000,True,1141,0.999,16.273427790105508,23.48880334689334,0.0,9.576741978258411,10.219356627288683,11.212515621550022,13.040759080153029,18.76471332529223,121.28245526743338,534.4866812437381,0.9975,0.997,0.9955,0.966
pi+,3000.0,0.0,2000,True,1141,1.0,5.683502068889866,13.500402666641312,2.9210539215365308,3.2627962909172674,3.4298238337653792,3.75065909224584,4.370170035902721,5.7472527558224895,58.875760510336214,224.7707868289954,1.0,1.0,0.615,0.0525
pi+,3000.0,20.0,2000,True,1141,1.0,5.780421614994959,11.360947546748989,1.7768202797137822,3.4637132084343962,3.6325267303981024,3.9692588363874366,4.644185376095603,6.2968620323717,52.34952147863517,196.39241627694955,1.0,0.9995,0.7995,0.0735
pi+,3000.0,40.0,2000,True,1141,1.0,8.070576839295887,20.24559184434798,2.177005322708817,4.254675775913047,4.489762413593528,4.883041530334441,5.719049203289654,7.524981553700924,97.79308541469872,334.47947448030203,1.0,1.0,0.987,0.1165
pi+,3000.0,60.0,2000,True,1141,1.0,11.346520618125153,19.007620378628232,3.4123195534135298,6.579070066669838,6.9685493231730185,7.607340099484558,8.924556725829417,12.399751589051473,119.16177176953332,219.43763228494953,1.0,1.0,0.998,0.666
pi+,3000.0,70.0,2000,True,1141,0.9995,17.569841555349427,25.939194453027994,0.0,9.750990366324503,10.466287170672533,11.46829998832727,13.572212938820797,19.53580111688818,164.9057953361681,326.26423420978756,0.999,0.999,0.999,0.975
pi+,10000.0,0.0,2000,True,1141,1.0,6.76209882401005,20.669083412520493,2.9195211044301685,3.2800709982096867,3.4395477618700063,3.7180597922679266,4.42372205279031,5.8699966375787,94.33216719061043,387.2109538555743,1.0,1.0,0.615,0.062
pi+,10000.0,20.0,2000,True,1141,1.0,7.094011640548976,22.604125542713614,1.8578579054074889,3.483560314383142,3.669174643258886,3.988888906977307,4.628989520156474,6.231499620775144,94.9845631664263,507.9952379045176,1.0,1.0,0.8275,0.069
pi+,10000.0,40.0,2000,True,1141,1.0,9.06911074066775,27.254050982054498,2.0919077424773813,4.291297516700437,4.526485248298038,4.912857736600401,5.772334748275688,7.676431600122206,111.53511337377277,441.4615388271218,1.0,1.0,0.987,0.1245
pi+,10000.0,60.0,2000,True,1141,1.0,14.253957719178903,36.93814290900211,0.04907784543675503,6.666074480663905,7.054516989595822,7.643062789354287,8.901649563522437,12.842500481409738,155.39448212182018,620.2979274514174,0.9995,0.9995,0.9985,0.701
pi+,10000.0,70.0,2000,True,1141,1.0,22.06539832559213,44.26841911780799,4.982007545061573,9.895320099828712,10.514536413931959,11.509416299201462,13.522804612674317,20.618601169293083,269.93463746202025,537.949626719737,1.0,1.0,1.0,0.977
pi+,30000.0,0.0,2000,True,1141,1.0,6.207173147088115,16.335927644666192,2.9303464119995293,3.280362018030002,3.449425684280638,3.7306347374810453,4.291727997917344,5.711210573883754,87.18357849690594,251.9769662183857,1.0,1.0,0.631,0.0565
pi+,30000.0,20.0,2000,True,1141,1.0,6.7941303794196735,19.982301190283778,2.2529337422726257,3.494547989046083,3.6734855952395105,4.004219705322926,4.666798918913658,6.258556052055647,82.69395044382092,383.35679022446124,1.0,1.0,0.8335,0.0695
pi+,30000.0,40.0,2000,True,1141,1.0,8.92633615655914,24.27157346289636,2.2242973661710015,4.31923855968411,4.550483910481393,4.9621721098956915,5.749064119669386,7.773951254980346,124.64715836212851,360.5791923026365,1.0,1.0,0.9885,0.127
pi+,30000.0,60.0,2000,True,1141,1.0,15.789877628159939,40.31346153553087,3.090914072758954,6.693351892035718,7.088121298145911,7.732964516036545,9.031464749311294,12.849308412288595,230.88867955044674,524.8703948348739,1.0,1.0,0.998,0.7225
pi+,30000.0,70.0,2000,True,1141,1.0,23.915099386951077,53.53899856165803,5.094608657018113,9.916878969644888,10.537428594976127,11.564642699899432,13.791544342992442,20.246992953757655,315.7195012268996,719.6474097235656,1.0,1.0,1.0,0.9795
pi+,100000.0,0.0,2000,True,1141,1.0,6.7373211062592615,23.84225451938244,2.923339683867584,3.278766984482992,3.4537466945526,3.747858269206918,4.320279383586443,5.743248688306823,97.79647377035107,475.6696936701831,1.0,1.0,0.634,0.055
pi+,100000.0,20.0,2000,True,1141,1.0,7.455540540228591,23.424625610629235,1.6379124116370847,3.4784761301448217,3.6644080258541942,3.9636153540087484,4.667257887705156,6.255504817525602,118.99655424772163,444.2432821115925,1.0,0.999,0.8275,0.074
pi+,100000.0,40.0,2000,True,1141,1.0,10.068083385543177,30.06340780377576,2.1583790481709815,4.299176035074056,4.529828921260335,4.9255116833960235,5.784268702006666,7.518796998909787,171.39252751323,426.1942566104167,1.0,1.0,0.986,0.118
pi+,100000.0,60.0,2000,True,1141,1.0,18.117850674428723,50.93424975326539,3.2215962313575925,6.737997870447253,7.096992086346662,7.757810573657395,9.11157195964931,13.055904009307383,302.55091629579647,677.8641579869821,1.0,1.0,0.999,0.719
pi+,100000.0,70.0,2000,True,1141,1.0,26.763990047447834,67.64354058632091,4.851360075187216,9.8309787678029,10.452244559373288,11.419812983743979,13.546137948891465,21.62364300302906,399.9700718495915,817.7123660225269,1.0,1.0,1.0,0.977
proton,300.0,0.0,2000,True,1141,0.999,7.96225366970711,5.869415032737911,0.0,6.728163694676009,6.933230505118737,7.23785308458183,7.614898913113591,8.040492123628187,32.07485951144371,144.34757229745446,0.999,0.999,0.999,0.5615
proton,300.0,20.0,2000,True,1141,0.999,8.391800169410297,5.173361173982193,0.0,7.126663912173958,7.381822436662408,7.719105381706925,8.122240678397315,8.546844585958072,33.8785445624867,85.39633702055171,0.999,0.9985,0.9975,0.891
proton,300.0,40.0,2000,True,1141,1.0,10.830890068316094,9.018485620092,0.09108987286766926,8.847606402299885,9.144796495316319,9.49103408566431,9.921866597281392,10.493453087968774,60.789964451106215,130.17981746774493,0.9995,0.9995,0.9995,0.9895
proton,300.0,60.0,2000,True,1141,1.0,16.509149824133868,12.914232805220383,0.7397421890419764,13.635508580249594,14.166630371280199,14.648577894723992,15.233095002942292,15.966374525397548,77.54370120277443,198.52095161055587,0.9995,0.9995,0.999,0.9975
proton,300.0,70.0,2000,True,1141,0.996,24.027833091465816,16.715319784381638,0.0,18.92214376452389,20.752666901627354,21.69729776027651,22.6421684016482,24.007690716745522,106.5458885748389,284.93777056653806,0.9945,0.994,0.9935,0.992
proton,1000.0,0.0,2000,True,1141,0.999,5.66530059841559,9.583467587985794,0.0,3.8736505187467625,4.051119740791357,4.344217453448479,4.7942938982300305,5.573425332708286,47.29590516891829,239.76991834976386,0.999,0.999,0.9975,0.0365
proton,1000.0,20.0,2000,True,1141,1.0,5.987272285115066,10.1460487168099,1.6057611172273027,4.123058523077725,4.322318269782146,4.622408262696074,5.096533730910819,5.958279338206009,53.400785818158354,203.03293321221128,1.0,0.9995,0.993,0.042
proton,1000.0,40.0,2000,True,1141,0.999,7.5218406237674165,11.007472025318144,0.0,5.093913816710153,5.325591300801124,5.692845284501793,6.285394219908946,7.191053090724939,65.77736655017864,210.83544019849538,0.999,0.999,0.9915,0.102
proton,1000.0,60.0,2000,True,1141,0.9995,12.74963174822316,20.268167629711616,0.0,7.851503639215362,8.28429482734245,8.85964489684729,9.679745502234175,11.21867685643327,104.12047240241407,288.26928494195465,0.999,0.999,0.999,0.9585
proton,1000.0,70.0,2000,True,1141,0.999,18.237537652534318,23.53168957387957,0.0,11.538339214728424,12.23547578274792,13.042578914869868,14.153142232376005,16.883573302524095,143.06634841898176,302.21519215209383,0.999,0.999,0.9985,0.9865
proton,3000.0,0.0,2000,True,1141,1.0,5.710182973079024,13.032998002138047,2.896723720138546,3.263151065518195,3.4343523820508786,3.707254241202559,4.237189456095564,5.528208597865576,69.24134134674024,232.26579516710908,1.0,1.0,0.603,0.0585
proton,3000.0,20.0,2000,True,1141,1.0,6.81780821323934,17.640091115179604,1.895195353476206,3.493411539380597,3.6585442690485452,3.9842423076286506,4.601297876093285,5.969076326618739,94.13489290661377,259.02033816628926,1.0,1.0,0.833,0.068
proton,3000.0,40.0,2000,True,1141,1.0,7.628553225806099,17.63113954471553,1.9996438832381116,4.299997045645095,4.528417695457549,4.9104169472145704,5.639835524128788,7.271811441582734,93.54148595473859,406.02921108493047,1.0,1.0,0.983,0.1045
proton,3000.0,60.0,2000,True,1141,0.9995,11.946753260959948,20.785374364197075,0.0,6.680245622514858,7.041015788259468,7.628902850591606,8.780033724941184,11.994399279330679,125.55564684501273,254.21370482133983,0.9995,0.9995,0.998,0.6895
proton,3000.0,70.0,2000,True,1141,0.999,17.86594280655479,26.8309296619545,0.0,9.797425930842568,10.45740277034369,11.307308968179502,13.007142203526767,18.87808921187761,154.208011972965,427.6828495091193,0.999,0.999,0.999,0.974
proton,10000.0,0.0,2000,True,1141,1.0,9.232412996678319,32.151747964385606,2.890714851234417,3.2177425745852375,3.384216381304444,3.6746139413160552,4.335048746019932,6.061137126611748,188.62654969390908,487.2430072318897,1.0,1.0,0.577,0.0665
proton,10000.0,20.0,2000,True,1141,1.0,9.35418418565431,30.803643573722372,1.7818603448713446,3.4260319671405486,3.6107455821353476,3.9340252609463855,4.6093728006747625,6.283946555638299,177.50179673973628,416.3354832342815,1.0,0.9995,0.776,0.08
proton,10000.0,40.0,2000,True,1141,1.0,11.229391463941155,35.2647789773326,2.197862160871109,4.204725536134713,4.463809341912488,4.862949970563925,5.74525304791174,8.074745789040081,181.53439510206877,526.2859736003066,1.0,1.0,0.984,0.1325
proton,10000.0,60.0,2000,True,1141,1.0,20.021694664009914,56.42129378422275,3.2208835854144855,6.5849811332311585,6.969903455516292,7.598588181545422,8.933959584861396,13.946858856336949,323.81280519017105,659.753086214467,1.0,1.0,0.995,0.6595
proton,10000.0,70.0,2000,True,1141,0.9995,26.95426847422534,60.79791864199686,0.0,9.719417332499187,10.32987301088263,11.319899044936456,13.414740735682939,24.90310438590158,345.9043471560014,618.9349492982625,0.9995,0.9995,0.9995,0.97
proton,30000.0,0.0,2000,True,1141,1.0,8.43871869744253,30.45588609073729,2.9261584367191866,3.252296000827918,3.441091565674756,3.744865450429235,4.4277959337599775,6.184714511571521,175.64769179994374,514.0688482907665,1.0,1.0,0.6275,0.0655
proton,30000.0,20.0,2000,True,1141,1.0,10.12177826783909,35.203936585847174,1.9629693904462793,3.485233605501326,3.6576257119338713,3.990122856674804,4.602643175065181,6.2595680746667055,194.74075905734463,603.1569985029116,1.0,1.0,0.8255,0.0745
proton,30000.0,40.0,2000,True,1141,1.0,14.539894211908756,51.144688773361544,2.056847699754281,4.26642641083479,4.525254007761186,4.916873384410045,5.8844520375629195,8.315655201494469,284.2418433041886,815.5260652064972,1.0,1.0,0.9875,0.1385
proton,30000.0,60.0,2000,True,1141,1.0,19.432655380646604,57.29145831128902,3.1263003094744892,6.644005814275426,7.05176676046904,7.655647171852985,9.101968249585942,13.394288608541324,283.286021384459,867.0261287120043,1.0,1.0,0.9995,0.7015
proton,30000.0,70.0,2000,True,1141,1.0,31.422392179329023,72.33194983918617,4.692373122636729,9.857492617332586,10.494339140134894,11.540576377218482,13.933524194175043,39.81013675045984,374.4607575794055,828.8741710366244,1.0,1.0,1.0,0.966
proton,100000.0,0.0,2000,True,1141,1.0,9.141463662628482,33.27431197640778,2.936636434031991,3.2689065405358355,3.4390561298067106,3.7469437415167994,4.3986874434808865,6.205895781978174,200.39142441726867,475.03659594779634,1.0,1.0,0.6295,0.0655
proton,100000.0,20.0,2000,True,1141,1.0,10.595712758825968,38.591307603161,1.8072154814745895,3.5088949534268346,3.6768353828808387,4.00389748611615,4.718258998330018,6.469697365963022,228.93521351784358,707.1889393122058,1.0,1.0,0.837,0.0785
proton,100000.0,40.0,2000,True,1141,1.0,12.985725166767148,43.11194239471871,2.178248045911684,4.308188626887028,4.534764939060585,4.946378138107826,5.800323237575748,7.857334913725232,255.22884101064716,551.9818643041675,1.0,1.0,0.986,0.13
proton,100000.0,60.0,2000,True,1141,1.0,22.852670801018977,64.9299056142589,3.0901249071353933,6.6782298648660765,7.07206098437449,7.770071275375428,9.236702045718088,14.783578829021808,354.05198066883344,638.8879315519933,1.0,1.0,0.9955,0.7165
proton,100000.0,70.0,2000,True,1141,1.0,40.783012626825446,102.70467259087162,4.692342802966194,9.775595905936973,10.507909870708145,11.589682125897774,14.194655036311014,71.39680721915136,514.9218321858588,990.8520454578777,1.0,1.0,1.0,0.974
